[
  {
    "ParameterKey": "pAmazonAsn",
    "ParameterValue": {{ pAmazonAsn }}
  },
  {
    "ParameterKey": "pAutoAcceptSharedAttachments",
    "ParameterValue": {{ pAutoAcceptSharedAttachments }}
  },
  {
    "ParameterKey": "pDefaultRouteTableAssociation",
    "ParameterValue": {{ pDefaultRouteTableAssociation }}
  },
  {
    "ParameterKey": "pDefaultRouteTablePropagation",
    "ParameterValue": {{ pDefaultRouteTablePropagation }}
  },
  {
    "ParameterKey": "pDnsSupport",
    "ParameterValue": {{ pDnsSupport }}
  },
  {
    "ParameterKey": "pVpnEcmpSupport",
    "ParameterValue": {{ pVpnEcmpSupport }}
  }
]
