[
  {
    "op": "add",
    "path": "/ValueTypes/Ec2InstanceType/AllowedValues",
    "value": [
      "c4.2xlarge",
      "c4.4xlarge",
      "c4.8xlarge",
      "c4.large",
      "c4.xlarge",
      "c5.18xlarge",
      "c5.2xlarge",
      "c5.4xlarge",
      "c5.9xlarge",
      "c5.large",
      "c5.xlarge",
      "c5d.18xlarge",
      "c5d.2xlarge",
      "c5d.4xlarge",
      "c5d.9xlarge",
      "c5d.large",
      "c5d.xlarge",
      "d2.2xlarge",
      "d2.4xlarge",
      "d2.8xlarge",
      "d2.xlarge",
      "g3.16xlarge",
      "g3.4xlarge",
      "g3.8xlarge",
      "i3.16xlarge",
      "i3.2xlarge",
      "i3.4xlarge",
      "i3.8xlarge",
      "i3.large",
      "i3.xlarge",
      "m4.10xlarge",
      "m4.16xlarge",
      "m4.2xlarge",
      "m4.4xlarge",
      "m4.large",
      "m4.xlarge",
      "m5.12xlarge",
      "m5.24xlarge",
      "m5.2xlarge",
      "m5.4xlarge",
      "m5.large",
      "m5.xlarge",
      "m5d.12xlarge",
      "m5d.24xlarge",
      "m5d.2xlarge",
      "m5d.4xlarge",
      "m5d.large",
      "m5d.xlarge",
      "p3.16xlarge",
      "p3.2xlarge",
      "p3.8xlarge",
      "r4.16xlarge",
      "r4.2xlarge",
      "r4.4xlarge",
      "r4.8xlarge",
      "r4.large",
      "r4.xlarge",
      "r5.12xlarge",
      "r5.24xlarge",
      "r5.2xlarge",
      "r5.4xlarge",
      "r5.large",
      "r5.xlarge",
      "r5d.12xlarge",
      "r5d.24xlarge",
      "r5d.2xlarge",
      "r5d.4xlarge",
      "r5d.large",
      "r5d.xlarge",
      "t2.2xlarge",
      "t2.large",
      "t2.medium",
      "t2.micro",
      "t2.nano",
      "t2.small",
      "t2.xlarge",
      "t3.2xlarge",
      "t3.large",
      "t3.medium",
      "t3.micro",
      "t3.nano",
      "t3.small",
      "t3.xlarge",
      "x1.16xlarge",
      "x1.32xlarge"
    ]
  },
  {
    "op": "add",
    "path": "/ValueTypes/RdsInstanceType/AllowedValues",
    "value": [
      "db.m4.10xlarge",
      "db.m4.16xlarge",
      "db.m4.2xlarge",
      "db.m4.4xlarge",
      "db.m4.large",
      "db.m4.xlarge",
      "db.m5.12xlarge",
      "db.m5.24xlarge",
      "db.m5.2xlarge",
      "db.m5.4xlarge",
      "db.m5.large",
      "db.m5.xlarge",
      "db.r3.2xlarge",
      "db.r3.4xlarge",
      "db.r3.8xlarge",
      "db.r3.large",
      "db.r3.xlarge",
      "db.r4.16xlarge",
      "db.r4.2xlarge",
      "db.r4.4xlarge",
      "db.r4.8xlarge",
      "db.r4.large",
      "db.r4.xlarge",
      "db.r5.12xlarge",
      "db.r5.24xlarge",
      "db.r5.2xlarge",
      "db.r5.4xlarge",
      "db.r5.large",
      "db.r5.xlarge",
      "db.t2.2xlarge",
      "db.t2.large",
      "db.t2.medium",
      "db.t2.micro",
      "db.t2.small",
      "db.t2.xlarge",
      "db.t3.2xlarge",
      "db.t3.large",
      "db.t3.medium",
      "db.t3.micro",
      "db.t3.small",
      "db.t3.xlarge",
      "db.x1.16xlarge",
      "db.x1.32xlarge"
    ]
  },
  {
    "op": "add",
    "path": "/ValueTypes/RedshiftInstanceType/AllowedValues",
    "value": [
      "dc1.8xlarge",
      "dc1.large",
      "dc2.8xlarge",
      "dc2.large",
      "ds2.8xlarge",
      "ds2.xlarge"
    ]
  }
]