[
  {
    "op": "add",
    "path": "/PropertyTypes/AWS::Route53Resolver::ResolverEndpoint.IpAddressRequest",
    "value": {
      "Documentation": "http://docs.aws.amazon.com/AWSCloudFormation/latest/UserGuide/aws-properties-route53resolver-resolverendpoint-ipaddressrequest.html",
      "Properties": {
        "Ip": {
          "Documentation": "http://docs.aws.amazon.com/AWSCloudFormation/latest/UserGuide/aws-properties-route53resolver-resolverendpoint-ipaddressrequest.html#cfn-route53resolver-resolverendpoint-ipaddressrequest-ip",
          "PrimitiveType": "String",
          "Required": false,
          "UpdateType": "Mutable"
        },
        "SubnetId": {
          "Documentation": "http://docs.aws.amazon.com/AWSCloudFormation/latest/UserGuide/aws-properties-route53resolver-resolverendpoint-ipaddressrequest.html#cfn-route53resolver-resolverendpoint-ipaddressrequest-subnetid",
          "PrimitiveType": "String",
          "Required": true,
          "UpdateType": "Mutable"
        }
      }
    }
  },
  {
    "op": "add",
    "path": "/PropertyTypes/AWS::Route53Resolver::ResolverRule.TargetAddress",
    "value": {
      "Documentation": "http://docs.aws.amazon.com/AWSCloudFormation/latest/UserGuide/aws-properties-route53resolver-resolverrule-targetaddress.html",
      "Properties": {
        "Ip": {
          "Documentation": "http://docs.aws.amazon.com/AWSCloudFormation/latest/UserGuide/aws-properties-route53resolver-resolverrule-targetaddress.html#cfn-route53resolver-resolverrule-targetaddress-ip",
          "PrimitiveType": "String",
          "Required": true,
          "UpdateType": "Mutable"
        },
        "Port": {
          "Documentation": "http://docs.aws.amazon.com/AWSCloudFormation/latest/UserGuide/aws-properties-route53resolver-resolverrule-targetaddress.html#cfn-route53resolver-resolverrule-targetaddress-port",
          "PrimitiveType": "String",
          "Required": true,
          "UpdateType": "Mutable"
        }
      }
    }
  },
  {
    "op": "add",
    "path": "/ResourceTypes/AWS::StepFunctions::StateMachine",
    "value": {
      "Attributes": {
        "Name": {
          "PrimitiveType": "String"
        }
      },
      "Documentation": "http://docs.aws.amazon.com/AWSCloudFormation/latest/UserGuide/aws-resource-stepfunctions-statemachine.html",
      "Properties": {
        "DefinitionString": {
          "Documentation": "http://docs.aws.amazon.com/AWSCloudFormation/latest/UserGuide/aws-resource-stepfunctions-statemachine.html#cfn-stepfunctions-statemachine-definitionstring",
          "PrimitiveType": "String",
          "Required": true,
          "UpdateType": "Mutable"
        },
        "RoleArn": {
          "Documentation": "http://docs.aws.amazon.com/AWSCloudFormation/latest/UserGuide/aws-resource-stepfunctions-statemachine.html#cfn-stepfunctions-statemachine-rolearn",
          "PrimitiveType": "String",
          "Required": true,
          "UpdateType": "Mutable"
        },
        "StateMachineName": {
          "Documentation": "http://docs.aws.amazon.com/AWSCloudFormation/latest/UserGuide/aws-resource-stepfunctions-statemachine.html#cfn-stepfunctions-statemachine-statemachinename",
          "PrimitiveType": "String",
          "Required": false,
          "UpdateType": "Immutable"
        }
      }
    }
  },
  {
    "op": "add",
    "path": "/ResourceTypes/AWS::Route53Resolver::ResolverEndpoint",
    "value": {
      "Attributes": {
        "Arn": {
          "PrimitiveType": "String"
        },
        "Direction": {
          "PrimitiveType": "String"
        },
        "HostVPCId": {
          "PrimitiveType": "String"
        },
        "IpAddressCount": {
          "PrimitiveType": "String"
        },
        "Name": {
          "PrimitiveType": "String"
        },
        "ResolverEndpointId": {
          "PrimitiveType": "String"
        }
      },
      "Documentation": "http://docs.aws.amazon.com/AWSCloudFormation/latest/UserGuide/aws-resource-route53resolver-resolverendpoint.html",
      "Properties": {
        "Direction": {
          "Documentation": "http://docs.aws.amazon.com/AWSCloudFormation/latest/UserGuide/aws-resource-route53resolver-resolverendpoint.html#cfn-route53resolver-resolverendpoint-direction",
          "PrimitiveType": "String",
          "Required": true,
          "UpdateType": "Immutable",
          "Value": {
            "ValueType": "Route53ResolverEndpointDirection"
          }
        },
        "IpAddresses": {
          "Documentation": "http://docs.aws.amazon.com/AWSCloudFormation/latest/UserGuide/aws-resource-route53resolver-resolverendpoint.html#cfn-route53resolver-resolverendpoint-ipaddresses",
          "ItemType": "IpAddressRequest",
          "Required": true,
          "Type": "List",
          "UpdateType": "Mutable"
        },
        "Name": {
          "Documentation": "http://docs.aws.amazon.com/AWSCloudFormation/latest/UserGuide/aws-resource-route53resolver-resolverendpoint.html#cfn-route53resolver-resolverendpoint-name",
          "PrimitiveType": "String",
          "Required": false,
          "UpdateType": "Mutable"
        },
        "SecurityGroupIds": {
          "Documentation": "http://docs.aws.amazon.com/AWSCloudFormation/latest/UserGuide/aws-resource-route53resolver-resolverendpoint.html#cfn-route53resolver-resolverendpoint-securitygroupids",
          "PrimitiveItemType": "String",
          "Required": true,
          "Type": "List",
          "UpdateType": "Immutable"
        },
        "Tags": {
          "Documentation": "http://docs.aws.amazon.com/AWSCloudFormation/latest/UserGuide/aws-resource-route53resolver-resolverendpoint.html#cfn-route53resolver-resolverendpoint-tags",
          "ItemType": "Tag",
          "Required": false,
          "Type": "List",
          "UpdateType": "Mutable"
        }
      }
    }
  },
  {
    "op": "add",
    "path": "/ResourceTypes/AWS::Route53Resolver::ResolverRule",
    "value": {
      "Attributes": {
        "Arn": {
          "PrimitiveType": "String"
        },
        "DomainName": {
          "PrimitiveType": "String"
        },
        "Name": {
          "PrimitiveType": "String"
        },
        "ResolverEndpointId": {
          "PrimitiveType": "String"
        },
        "ResolverRuleId": {
          "PrimitiveType": "String"
        },
        "TargetIps": {
          "PrimitiveType": "String"
        }
      },
      "Documentation": "http://docs.aws.amazon.com/AWSCloudFormation/latest/UserGuide/aws-resource-route53resolver-resolverrule.html",
      "Properties": {
        "DomainName": {
          "Documentation": "http://docs.aws.amazon.com/AWSCloudFormation/latest/UserGuide/aws-resource-route53resolver-resolverrule.html#cfn-route53resolver-resolverrule-domainname",
          "PrimitiveType": "String",
          "Required": true,
          "UpdateType": "Immutable"
        },
        "Name": {
          "Documentation": "http://docs.aws.amazon.com/AWSCloudFormation/latest/UserGuide/aws-resource-route53resolver-resolverrule.html#cfn-route53resolver-resolverrule-name",
          "PrimitiveType": "String",
          "Required": false,
          "UpdateType": "Mutable"
        },
        "ResolverEndpointId": {
          "Documentation": "http://docs.aws.amazon.com/AWSCloudFormation/latest/UserGuide/aws-resource-route53resolver-resolverrule.html#cfn-route53resolver-resolverrule-resolverendpointid",
          "PrimitiveType": "String",
          "Required": false,
          "UpdateType": "Mutable"
        },
        "RuleType": {
          "Documentation": "http://docs.aws.amazon.com/AWSCloudFormation/latest/UserGuide/aws-resource-route53resolver-resolverrule.html#cfn-route53resolver-resolverrule-ruletype",
          "PrimitiveType": "String",
          "Required": true,
          "UpdateType": "Immutable",
          "Value": {
            "ValueType": "Route53ResolverRuleType"
          }
        },
        "Tags": {
          "Documentation": "http://docs.aws.amazon.com/AWSCloudFormation/latest/UserGuide/aws-resource-route53resolver-resolverrule.html#cfn-route53resolver-resolverrule-tags",
          "ItemType": "Tag",
          "Required": false,
          "Type": "List",
          "UpdateType": "Mutable"
        },
        "TargetIps": {
          "Documentation": "http://docs.aws.amazon.com/AWSCloudFormation/latest/UserGuide/aws-resource-route53resolver-resolverrule.html#cfn-route53resolver-resolverrule-targetips",
          "ItemType": "TargetAddress",
          "Required": false,
          "Type": "List",
          "UpdateType": "Mutable"
        }
      }
    }
  },
  {
    "op": "add",
    "path": "/ResourceTypes/AWS::Route53Resolver::ResolverRuleAssociation",
    "value": {
      "Attributes": {
        "Name": {
          "PrimitiveType": "String"
        },
        "ResolverRuleAssociationId": {
          "PrimitiveType": "String"
        },
        "ResolverRuleId": {
          "PrimitiveType": "String"
        },
        "VPCId": {
          "PrimitiveType": "String"
        }
      },
      "Documentation": "http://docs.aws.amazon.com/AWSCloudFormation/latest/UserGuide/aws-resource-route53resolver-resolverruleassociation.html",
      "Properties": {
        "Name": {
          "Documentation": "http://docs.aws.amazon.com/AWSCloudFormation/latest/UserGuide/aws-resource-route53resolver-resolverruleassociation.html#cfn-route53resolver-resolverruleassociation-name",
          "PrimitiveType": "String",
          "Required": false,
          "UpdateType": "Immutable"
        },
        "ResolverRuleId": {
          "Documentation": "http://docs.aws.amazon.com/AWSCloudFormation/latest/UserGuide/aws-resource-route53resolver-resolverruleassociation.html#cfn-route53resolver-resolverruleassociation-resolverruleid",
          "PrimitiveType": "String",
          "Required": true,
          "UpdateType": "Immutable"
        },
        "VPCId": {
          "Documentation": "http://docs.aws.amazon.com/AWSCloudFormation/latest/UserGuide/aws-resource-route53resolver-resolverruleassociation.html#cfn-route53resolver-resolverruleassociation-vpcid",
          "PrimitiveType": "String",
          "Required": true,
          "UpdateType": "Immutable"
        }
      }
    }
  },
  {
    "op": "add",
    "path": "/ResourceTypes/AWS::Greengrass::ResourceDefinition",
    "value": {
      "Attributes": {
        "Arn": {
          "PrimitiveType": "String"
        },
        "Id": {
          "PrimitiveType": "String"
        },
        "LatestVersionArn": {
          "PrimitiveType": "String"
        },
        "Name": {
          "PrimitiveType": "String"
        }
      },
      "Documentation": "http://docs.aws.amazon.com/AWSCloudFormation/latest/UserGuide/aws-resource-greengrass-resourcedefinition.html",
      "Properties": {
        "InitialVersion": {
          "Documentation": "http://docs.aws.amazon.com/AWSCloudFormation/latest/UserGuide/aws-resource-greengrass-resourcedefinition.html#cfn-greengrass-resourcedefinition-initialversion",
          "Required": false,
          "Type": "ResourceDefinitionVersion",
          "UpdateType": "Immutable"
        },
        "Name": {
          "Documentation": "http://docs.aws.amazon.com/AWSCloudFormation/latest/UserGuide/aws-resource-greengrass-resourcedefinition.html#cfn-greengrass-resourcedefinition-name",
          "PrimitiveType": "String",
          "Required": true,
          "UpdateType": "Mutable"
        }
      }
    }
  },
  {
    "op": "add",
    "path": "/PropertyTypes/AWS::Greengrass::ResourceDefinition.GroupOwnerSetting",
    "value": {
      "Documentation": "http://docs.aws.amazon.com/AWSCloudFormation/latest/UserGuide/aws-properties-greengrass-resourcedefinition-groupownersetting.html",
      "Properties": {
        "AutoAddGroupOwner": {
          "Documentation": "http://docs.aws.amazon.com/AWSCloudFormation/latest/UserGuide/aws-properties-greengrass-resourcedefinition-groupownersetting.html#cfn-greengrass-resourcedefinition-groupownersetting-autoaddgroupowner",
          "PrimitiveType": "Boolean",
          "Required": true,
          "UpdateType": "Immutable"
        },
        "GroupOwner": {
          "Documentation": "http://docs.aws.amazon.com/AWSCloudFormation/latest/UserGuide/aws-properties-greengrass-resourcedefinition-groupownersetting.html#cfn-greengrass-resourcedefinition-groupownersetting-groupowner",
          "PrimitiveType": "String",
          "Required": false,
          "UpdateType": "Immutable"
        }
      }
    }
  },
  {
    "op": "add",
    "path": "/PropertyTypes/AWS::Greengrass::ResourceDefinition.LocalDeviceResourceData",
    "value": {
      "Documentation": "http://docs.aws.amazon.com/AWSCloudFormation/latest/UserGuide/aws-properties-greengrass-resourcedefinition-localdeviceresourcedata.html",
      "Properties": {
        "GroupOwnerSetting": {
          "Documentation": "http://docs.aws.amazon.com/AWSCloudFormation/latest/UserGuide/aws-properties-greengrass-resourcedefinition-localdeviceresourcedata.html#cfn-greengrass-resourcedefinition-localdeviceresourcedata-groupownersetting",
          "Required": false,
          "Type": "GroupOwnerSetting",
          "UpdateType": "Immutable"
        },
        "SourcePath": {
          "Documentation": "http://docs.aws.amazon.com/AWSCloudFormation/latest/UserGuide/aws-properties-greengrass-resourcedefinition-localdeviceresourcedata.html#cfn-greengrass-resourcedefinition-localdeviceresourcedata-sourcepath",
          "PrimitiveType": "String",
          "Required": true,
          "UpdateType": "Immutable"
        }
      }
    }
  },
  {
    "op": "add",
    "path": "/PropertyTypes/AWS::Greengrass::ResourceDefinition.LocalVolumeResourceData",
    "value": {
      "Documentation": "http://docs.aws.amazon.com/AWSCloudFormation/latest/UserGuide/aws-properties-greengrass-resourcedefinition-localvolumeresourcedata.html",
      "Properties": {
        "DestinationPath": {
          "Documentation": "http://docs.aws.amazon.com/AWSCloudFormation/latest/UserGuide/aws-properties-greengrass-resourcedefinition-localvolumeresourcedata.html#cfn-greengrass-resourcedefinition-localvolumeresourcedata-destinationpath",
          "PrimitiveType": "String",
          "Required": true,
          "UpdateType": "Immutable"
        },
        "GroupOwnerSetting": {
          "Documentation": "http://docs.aws.amazon.com/AWSCloudFormation/latest/UserGuide/aws-properties-greengrass-resourcedefinition-localvolumeresourcedata.html#cfn-greengrass-resourcedefinition-localvolumeresourcedata-groupownersetting",
          "Required": false,
          "Type": "GroupOwnerSetting",
          "UpdateType": "Immutable"
        },
        "SourcePath": {
          "Documentation": "http://docs.aws.amazon.com/AWSCloudFormation/latest/UserGuide/aws-properties-greengrass-resourcedefinition-localvolumeresourcedata.html#cfn-greengrass-resourcedefinition-localvolumeresourcedata-sourcepath",
          "PrimitiveType": "String",
          "Required": true,
          "UpdateType": "Immutable"
        }
      }
    }
  },
  {
    "op": "add",
    "path": "/PropertyTypes/AWS::Greengrass::ResourceDefinition.ResourceDataContainer",
    "value": {
      "Documentation": "http://docs.aws.amazon.com/AWSCloudFormation/latest/UserGuide/aws-properties-greengrass-resourcedefinition-resourcedatacontainer.html",
      "Properties": {
        "LocalDeviceResourceData": {
          "Documentation": "http://docs.aws.amazon.com/AWSCloudFormation/latest/UserGuide/aws-properties-greengrass-resourcedefinition-resourcedatacontainer.html#cfn-greengrass-resourcedefinition-resourcedatacontainer-localdeviceresourcedata",
          "Required": false,
          "Type": "LocalDeviceResourceData",
          "UpdateType": "Immutable"
        },
        "LocalVolumeResourceData": {
          "Documentation": "http://docs.aws.amazon.com/AWSCloudFormation/latest/UserGuide/aws-properties-greengrass-resourcedefinition-resourcedatacontainer.html#cfn-greengrass-resourcedefinition-resourcedatacontainer-localvolumeresourcedata",
          "Required": false,
          "Type": "LocalVolumeResourceData",
          "UpdateType": "Immutable"
        },
        "S3MachineLearningModelResourceData": {
          "Documentation": "http://docs.aws.amazon.com/AWSCloudFormation/latest/UserGuide/aws-properties-greengrass-resourcedefinition-resourcedatacontainer.html#cfn-greengrass-resourcedefinition-resourcedatacontainer-s3machinelearningmodelresourcedata",
          "Required": false,
          "Type": "S3MachineLearningModelResourceData",
          "UpdateType": "Immutable"
        },
        "SageMakerMachineLearningModelResourceData": {
          "Documentation": "http://docs.aws.amazon.com/AWSCloudFormation/latest/UserGuide/aws-properties-greengrass-resourcedefinition-resourcedatacontainer.html#cfn-greengrass-resourcedefinition-resourcedatacontainer-sagemakermachinelearningmodelresourcedata",
          "Required": false,
          "Type": "SageMakerMachineLearningModelResourceData",
          "UpdateType": "Immutable"
        },
        "SecretsManagerSecretResourceData": {
          "Documentation": "http://docs.aws.amazon.com/AWSCloudFormation/latest/UserGuide/aws-properties-greengrass-resourcedefinition-resourcedatacontainer.html#cfn-greengrass-resourcedefinition-resourcedatacontainer-secretsmanagersecretresourcedata",
          "Required": false,
          "Type": "SecretsManagerSecretResourceData",
          "UpdateType": "Immutable"
        }
      }
    }
  },
  {
    "op": "add",
    "path": "/PropertyTypes/AWS::Greengrass::ResourceDefinition.ResourceDefinitionVersion",
    "value": {
      "Documentation": "http://docs.aws.amazon.com/AWSCloudFormation/latest/UserGuide/aws-properties-greengrass-resourcedefinition-resourcedefinitionversion.html",
      "Properties": {
        "Resources": {
          "Documentation": "http://docs.aws.amazon.com/AWSCloudFormation/latest/UserGuide/aws-properties-greengrass-resourcedefinition-resourcedefinitionversion.html#cfn-greengrass-resourcedefinition-resourcedefinitionversion-resources",
          "ItemType": "ResourceInstance",
          "Required": true,
          "Type": "List",
          "UpdateType": "Immutable"
        }
      }
    }
  },
  {
    "op": "add",
    "path": "/PropertyTypes/AWS::Greengrass::ResourceDefinition.ResourceInstance",
    "value": {
      "Documentation": "http://docs.aws.amazon.com/AWSCloudFormation/latest/UserGuide/aws-properties-greengrass-resourcedefinition-resourceinstance.html",
      "Properties": {
        "Id": {
          "Documentation": "http://docs.aws.amazon.com/AWSCloudFormation/latest/UserGuide/aws-properties-greengrass-resourcedefinition-resourceinstance.html#cfn-greengrass-resourcedefinition-resourceinstance-id",
          "PrimitiveType": "String",
          "Required": true,
          "UpdateType": "Immutable"
        },
        "Name": {
          "Documentation": "http://docs.aws.amazon.com/AWSCloudFormation/latest/UserGuide/aws-properties-greengrass-resourcedefinition-resourceinstance.html#cfn-greengrass-resourcedefinition-resourceinstance-name",
          "PrimitiveType": "String",
          "Required": true,
          "UpdateType": "Immutable"
        },
        "ResourceDataContainer": {
          "Documentation": "http://docs.aws.amazon.com/AWSCloudFormation/latest/UserGuide/aws-properties-greengrass-resourcedefinition-resourceinstance.html#cfn-greengrass-resourcedefinition-resourceinstance-resourcedatacontainer",
          "Required": true,
          "Type": "ResourceDataContainer",
          "UpdateType": "Immutable"
        }
      }
    }
  },
  {
    "op": "add",
    "path": "/PropertyTypes/AWS::Greengrass::ResourceDefinition.S3MachineLearningModelResourceData",
    "value": {
      "Documentation": "http://docs.aws.amazon.com/AWSCloudFormation/latest/UserGuide/aws-properties-greengrass-resourcedefinition-s3machinelearningmodelresourcedata.html",
      "Properties": {
        "DestinationPath": {
          "Documentation": "http://docs.aws.amazon.com/AWSCloudFormation/latest/UserGuide/aws-properties-greengrass-resourcedefinition-s3machinelearningmodelresourcedata.html#cfn-greengrass-resourcedefinition-s3machinelearningmodelresourcedata-destinationpath",
          "PrimitiveType": "String",
          "Required": true,
          "UpdateType": "Immutable"
        },
        "S3Uri": {
          "Documentation": "http://docs.aws.amazon.com/AWSCloudFormation/latest/UserGuide/aws-properties-greengrass-resourcedefinition-s3machinelearningmodelresourcedata.html#cfn-greengrass-resourcedefinition-s3machinelearningmodelresourcedata-s3uri",
          "PrimitiveType": "String",
          "Required": true,
          "UpdateType": "Immutable"
        }
      }
    }
  },
  {
    "op": "add",
    "path": "/PropertyTypes/AWS::Greengrass::ResourceDefinition.SageMakerMachineLearningModelResourceData",
    "value": {
      "Documentation": "http://docs.aws.amazon.com/AWSCloudFormation/latest/UserGuide/aws-properties-greengrass-resourcedefinition-sagemakermachinelearningmodelresourcedata.html",
      "Properties": {
        "DestinationPath": {
          "Documentation": "http://docs.aws.amazon.com/AWSCloudFormation/latest/UserGuide/aws-properties-greengrass-resourcedefinition-sagemakermachinelearningmodelresourcedata.html#cfn-greengrass-resourcedefinition-sagemakermachinelearningmodelresourcedata-destinationpath",
          "PrimitiveType": "String",
          "Required": true,
          "UpdateType": "Immutable"
        },
        "SageMakerJobArn": {
          "Documentation": "http://docs.aws.amazon.com/AWSCloudFormation/latest/UserGuide/aws-properties-greengrass-resourcedefinition-sagemakermachinelearningmodelresourcedata.html#cfn-greengrass-resourcedefinition-sagemakermachinelearningmodelresourcedata-sagemakerjobarn",
          "PrimitiveType": "String",
          "Required": true,
          "UpdateType": "Immutable"
        }
      }
    }
  },
  {
    "op": "add",
    "path": "/PropertyTypes/AWS::Greengrass::ResourceDefinition.SecretsManagerSecretResourceData",
    "value": {
      "Documentation": "http://docs.aws.amazon.com/AWSCloudFormation/latest/UserGuide/aws-properties-greengrass-resourcedefinition-secretsmanagersecretresourcedata.html",
      "Properties": {
        "ARN": {
          "Documentation": "http://docs.aws.amazon.com/AWSCloudFormation/latest/UserGuide/aws-properties-greengrass-resourcedefinition-secretsmanagersecretresourcedata.html#cfn-greengrass-resourcedefinition-secretsmanagersecretresourcedata-arn",
          "PrimitiveType": "String",
          "Required": true,
          "UpdateType": "Immutable"
        },
        "AdditionalStagingLabelsToDownload": {
          "Documentation": "http://docs.aws.amazon.com/AWSCloudFormation/latest/UserGuide/aws-properties-greengrass-resourcedefinition-secretsmanagersecretresourcedata.html#cfn-greengrass-resourcedefinition-secretsmanagersecretresourcedata-additionalstaginglabelstodownload",
          "PrimitiveItemType": "String",
          "Required": false,
          "Type": "List",
          "UpdateType": "Immutable"
        }
      }
    }
  }
]
