[
  {
    "op": "add",
    "path": "/ResourceTypes/AWS::StepFunctions::StateMachine",
    "value": {
      "Attributes": {
        "Name": {
          "PrimitiveType": "String"
        }
      },
      "Documentation": "http://docs.aws.amazon.com/AWSCloudFormation/latest/UserGuide/aws-resource-stepfunctions-statemachine.html",
      "Properties": {
        "DefinitionString": {
          "Documentation": "http://docs.aws.amazon.com/AWSCloudFormation/latest/UserGuide/aws-resource-stepfunctions-statemachine.html#cfn-stepfunctions-statemachine-definitionstring",
          "PrimitiveType": "String",
          "Required": true,
          "UpdateType": "Mutable"
        },
        "RoleArn": {
          "Documentation": "http://docs.aws.amazon.com/AWSCloudFormation/latest/UserGuide/aws-resource-stepfunctions-statemachine.html#cfn-stepfunctions-statemachine-rolearn",
          "PrimitiveType": "String",
          "Required": true,
          "UpdateType": "Mutable"
        },
        "StateMachineName": {
          "Documentation": "http://docs.aws.amazon.com/AWSCloudFormation/latest/UserGuide/aws-resource-stepfunctions-statemachine.html#cfn-stepfunctions-statemachine-statemachinename",
          "PrimitiveType": "String",
          "Required": false,
          "UpdateType": "Immutable"
        }
      }
    }
  }
]
