[
  {
    "op": "remove",
    "path": "/PropertyTypes/AWS::EC2::LaunchTemplate.CapacityReservationPreference"
  },
  {
    "op": "add",
    "path": "/PropertyTypes/AWS::EC2::LaunchTemplate.CapacityReservationSpecification/Properties/CapacityReservationPreference/PrimitiveType",
    "value": "String"
  },
  {
    "op": "remove",
    "path": "/PropertyTypes/AWS::EC2::LaunchTemplate.CapacityReservationSpecification/Properties/CapacityReservationPreference/Type"
  },
  {
    "op": "replace",
    "path": "/PropertyTypes/AWS::CloudFront::Distribution.DistributionConfig/Properties/DefaultCacheBehavior/Required",
    "value": true
  },
  {
    "op": "replace",
    "path": "/PropertyTypes/AWS::CloudFront::Distribution.LambdaFunctionAssociation/Properties/LambdaFunctionARN/Required",
    "value": true
  },
  {
    "op": "replace",
    "path": "/PropertyTypes/AWS::CloudFront::Distribution.DistributionConfig/Properties/Origins/Required",
    "value": true
  },
  {
    "op": "replace",
    "path": "/ResourceTypes/AWS::CodePipeline::CustomActionType/Properties/Version/Required",
    "value": true
  },
  {
    "op": "replace",
    "path": "/ResourceTypes/AWS::DynamoDB::Table/Properties/AttributeDefinitions/Required",
    "value": true
  },
  {
    "op": "move",
    "from": "/ResourceTypes/AWS::EC2::VPCEndpoint/Properties/VPCEndpointType",
    "path": "/ResourceTypes/AWS::EC2::VPCEndpoint/Properties/VpcEndpointType"
  },
  {
    "op": "add",
    "path": "/ResourceTypes/AWS::ServiceDiscovery::Instance/Properties/InstanceAttributes/PrimitiveItemType",
    "value": "String"
  },
  {
    "op": "remove",
    "path": "/ResourceTypes/AWS::ServiceDiscovery::Instance/Properties/InstanceAttributes/PrimitiveType"
  },
  {
    "op": "add",
    "path": "/ResourceTypes/AWS::ServiceDiscovery::Instance/Properties/InstanceAttributes/Type",
    "value": "Map"
  },
  {
    "op": "replace",
    "path": "/PropertyTypes/AWS::Cognito::UserPool.SmsConfiguration/Properties/ExternalId/Required",
    "value": true
  },
  {
    "op": "replace",
    "path": "/ResourceTypes/AWS::EC2::NetworkAclEntry/Properties/CidrBlock/Required",
    "value": false
  },
  {
    "op": "replace",
    "path": "/ResourceTypes/AWS::DLM::LifecyclePolicy/Properties/State/Required",
    "value": true
  },
  {
    "op": "replace",
    "path": "/ResourceTypes/AWS::DLM::LifecyclePolicy/Properties/ExecutionRoleArn/Required",
    "value": true
  },
  {
    "op": "add",
    "path": "/PropertyTypes/AWS::CloudWatch::Alarm.Metric",
    "value": {
      "Documentation": "http://docs.aws.amazon.com/AWSCloudFormation/latest/UserGuide/aws-properties-cloudwatch-alarm-metric.html",
      "Properties": {
        "Dimensions": {
          "Documentation": "http://docs.aws.amazon.com/AWSCloudFormation/latest/UserGuide/aws-properties-cloudwatch-alarm-metric.html#cfn-cloudwatch-alarm-metric-dimensions",
          "ItemType": "Dimension",
          "Required": false,
          "Type": "List",
          "UpdateType": "Mutable"
        },
        "MetricName": {
          "Documentation": "http://docs.aws.amazon.com/AWSCloudFormation/latest/UserGuide/aws-properties-cloudwatch-alarm-metric.html#cfn-cloudwatch-alarm-metric-metricname",
          "PrimitiveType": "String",
          "Required": false,
          "UpdateType": "Mutable"
        },
        "Namespace": {
          "Documentation": "http://docs.aws.amazon.com/AWSCloudFormation/latest/UserGuide/aws-properties-cloudwatch-alarm-metric.html#cfn-cloudwatch-alarm-metric-namespace",
          "PrimitiveType": "String",
          "Required": false,
          "UpdateType": "Mutable"
        }
      }
    }
  },
  {
    "op": "add",
    "path": "/PropertyTypes/AWS::CloudWatch::Alarm.MetricDataQuery",
    "value": {
      "Documentation": "http://docs.aws.amazon.com/AWSCloudFormation/latest/UserGuide/aws-properties-cloudwatch-alarm-metricdataquery.html",
      "Properties": {
        "Expression": {
          "Documentation": "http://docs.aws.amazon.com/AWSCloudFormation/latest/UserGuide/aws-properties-cloudwatch-alarm-metricdataquery.html#cfn-cloudwatch-alarm-metricdataquery-expression",
          "PrimitiveType": "String",
          "Required": false,
          "UpdateType": "Mutable"
        },
        "Id": {
          "Documentation": "http://docs.aws.amazon.com/AWSCloudFormation/latest/UserGuide/aws-properties-cloudwatch-alarm-metricdataquery.html#cfn-cloudwatch-alarm-metricdataquery-id",
          "PrimitiveType": "String",
          "Required": true,
          "UpdateType": "Mutable"
        },
        "Label": {
          "Documentation": "http://docs.aws.amazon.com/AWSCloudFormation/latest/UserGuide/aws-properties-cloudwatch-alarm-metricdataquery.html#cfn-cloudwatch-alarm-metricdataquery-label",
          "PrimitiveType": "String",
          "Required": false,
          "UpdateType": "Mutable"
        },
        "MetricStat": {
          "Documentation": "http://docs.aws.amazon.com/AWSCloudFormation/latest/UserGuide/aws-properties-cloudwatch-alarm-metricdataquery.html#cfn-cloudwatch-alarm-metricdataquery-metricstat",
          "Type": "MetricStat",
          "Required": false,
          "UpdateType": "Mutable"
        },
        "ReturnData": {
          "Documentation": "http://docs.aws.amazon.com/AWSCloudFormation/latest/UserGuide/aws-properties-cloudwatch-alarm-metricdataquery.html#cfn-cloudwatch-alarm-metricdataquery-returndata",
          "PrimitiveType": "Boolean",
          "Required": false,
          "UpdateType": "Mutable"
        }
      }
    }
  },
  {
    "op": "add",
    "path": "/PropertyTypes/AWS::CloudWatch::Alarm.MetricStat",
    "value": {
      "Documentation": "http://docs.aws.amazon.com/AWSCloudFormation/latest/UserGuide/aws-properties-cloudwatch-alarm-metricstat.html",
      "Properties": {
        "Metric": {
          "Documentation": "http://docs.aws.amazon.com/AWSCloudFormation/latest/UserGuide/aws-properties-cloudwatch-alarm-metricstat.html#cfn-cloudwatch-alarm-metricstat-metric",
          "Type": "Metric",
          "Required": true,
          "UpdateType": "Mutable"
        },
        "Period": {
          "Documentation": "http://docs.aws.amazon.com/AWSCloudFormation/latest/UserGuide/aws-properties-cloudwatch-alarm-metricstat.html#cfn-cloudwatch-alarm-metricstat-period",
          "PrimitiveType": "Integer",
          "Required": true,
          "UpdateType": "Mutable"
        },
        "Stat": {
          "Documentation": "http://docs.aws.amazon.com/AWSCloudFormation/latest/UserGuide/aws-properties-cloudwatch-alarm-metricstat.htmlcfn-cloudwatch-alarm-metricstat-stat",
          "PrimitiveType": "String",
          "Required": true,
          "UpdateType": "Mutable"
        },
        "Unit": {
          "Documentation": "http://docs.aws.amazon.com/AWSCloudFormation/latest/UserGuide/aws-properties-cloudwatch-alarm-metricstat.htmlcfn-cloudwatch-alarm-metricstat-unit",
          "PrimitiveType": "String",
          "Required": false,
          "UpdateType": "Mutable"
        }
      }
    }
  },
  {
    "op": "add",
    "path": "/ResourceTypes/AWS::SSM::MaintenanceWindowTarget",
    "value": {
      "Documentation": "http://docs.aws.amazon.com/AWSCloudFormation/latest/UserGuide/aws-resource-ssm-maintenancewindowtarget.html",
      "Properties": {
        "OwnerInformation": {
          "Required": false,
          "Documentation": "http://docs.aws.amazon.com/AWSCloudFormation/latest/UserGuide/aws-resource-ssm-maintenancewindowtarget.html#cfn-ssm-maintenancewindowtarget-ownerinformation",
          "PrimitiveType": "String",
          "UpdateType": "Mutable"
        },
        "Description": {
          "Required": false,
          "Documentation": "http://docs.aws.amazon.com/AWSCloudFormation/latest/UserGuide/aws-resource-ssm-maintenancewindowtarget.html#cfn-ssm-maintenancewindowtarget-description",
          "PrimitiveType": "String",
          "UpdateType": "Mutable"
        },
        "WindowId": {
          "Required": true,
          "Documentation": "http://docs.aws.amazon.com/AWSCloudFormation/latest/UserGuide/aws-resource-ssm-maintenancewindowtarget.html#cfn-ssm-maintenancewindowtarget-windowid",
          "PrimitiveType": "String",
          "UpdateType": "Mutable"
        },
        "ResourceType": {
          "Required": true,
          "Documentation": "http://docs.aws.amazon.com/AWSCloudFormation/latest/UserGuide/aws-resource-ssm-maintenancewindowtarget.html#cfn-ssm-maintenancewindowtarget-resourcetype",
          "PrimitiveType": "String",
          "UpdateType": "Mutable"
        },
        "Targets": {
          "Required": true,
          "Documentation": "http://docs.aws.amazon.com/AWSCloudFormation/latest/UserGuide/aws-resource-ssm-maintenancewindowtarget.html#cfn-ssm-maintenancewindowtarget-targets",
          "Type": "List",
          "ItemType": "Target",
          "UpdateType": "Mutable"
        },
        "Name": {
          "Required": false,
          "Documentation": "http://docs.aws.amazon.com/AWSCloudFormation/latest/UserGuide/aws-resource-ssm-maintenancewindowtarget.html#cfn-ssm-maintenancewindowtarget-name",
          "PrimitiveType": "String",
          "UpdateType": "Mutable"
        }
      }
    }
  },
  {
    "op": "remove",
    "path": "/PropertyTypes/AWS::SSM::MaintenanceWindowTarget.Targets"
  },
  {
    "op": "add",
    "path": "/PropertyTypes/AWS::SSM::MaintenanceWindowTarget.Target",
    "value": {
      "Documentation": "http://docs.aws.amazon.com/AWSCloudFormation/latest/UserGuide/aws-properties-ssm-maintenancewindowtarget-targets.html",
      "Properties": {
        "Key": {
          "Documentation": "http://docs.aws.amazon.com/AWSCloudFormation/latest/UserGuide/aws-properties-ssm-maintenancewindowtarget-targets.html#cfn-ssm-maintenancewindowtarget-targets-key",
          "PrimitiveType": "String",
          "Required": true,
          "UpdateType": "Mutable"
        },
        "Values": {
          "Documentation": "http://docs.aws.amazon.com/AWSCloudFormation/latest/UserGuide/aws-properties-ssm-maintenancewindowtarget-targets.html#cfn-ssm-maintenancewindowtarget-targets-values",
          "PrimitiveItemType": "String",
          "Required": false,
          "Type": "List",
          "UpdateType": "Mutable"
        }
      }
    }
  },
  {
    "op": "add",
    "path": "/ResourceTypes/AWS::EC2::VPCEndpointService",
    "value": {
      "Documentation": "http://docs.aws.amazon.com/AWSCloudFormation/latest/UserGuide/aws-resource-ec2-vpcendpointservice.html",
      "Properties": {
        "AcceptanceRequired": {
          "Documentation": "http://docs.aws.amazon.com/AWSCloudFormation/latest/UserGuide/aws-resource-ec2-vpcendpointservice.html#cfn-ec2-vpcendpointservice-acceptancerequired",
          "PrimitiveType": "Boolean",
          "Required": false,
          "UpdateType": "Mutable"
        },
        "NetworkLoadBalancerArns": {
          "Documentation": "http://docs.aws.amazon.com/AWSCloudFormation/latest/UserGuide/aws-resource-ec2-vpcendpointservice.html#cfn-ec2-vpcendpointservice-networkloadbalancerarns",
          "PrimitiveItemType": "String",
          "Required": true,
          "Type": "List",
          "UpdateType": "Mutable"
        }
      }
    }
  },
  {
    "op": "add",
    "path": "/ResourceTypes/AWS::EC2::VPCEndpointServicePermissions",
    "value": {
      "Documentation": "http://docs.aws.amazon.com/AWSCloudFormation/latest/UserGuide/aws-resource-ec2-vpcendpointservicepermissions.html",
      "Properties": {
        "AllowedPrincipals": {
          "Documentation": "http://docs.aws.amazon.com/AWSCloudFormation/latest/UserGuide/aws-resource-ec2-vpcendpointservicepermissions.html#cfn-ec2-vpcendpointservicepermissions-allowedprincipals",
          "PrimitiveItemType": "String",
          "Required": false,
          "Type": "List",
          "UpdateType": "Mutable"
        },
        "ServiceId": {
          "Documentation": "http://docs.aws.amazon.com/AWSCloudFormation/latest/UserGuide/aws-resource-ec2-vpcendpointservicepermissions.html#cfn-ec2-vpcendpointservicepermissions-serviceid",
          "PrimitiveType": "String",
          "Required": true,
          "UpdateType": "Immutable"
        }
      }
    }
  }
]
