{
  "SecurityAudit": "arn:aws:iam::aws:policy/SecurityAudit",
  "AWSElasticBeanstalkMulticontainerDocker": "arn:aws:iam::aws:policy/AWSElasticBeanstalkMulticontainerDocker",
  "AWSGreengrassResourceAccessRolePolicy": "arn:aws:iam::aws:policy/service-role/AWSGreengrassResourceAccessRolePolicy",
  "AmazonS3ReadOnlyAccess": "arn:aws:iam::aws:policy/AmazonS3ReadOnlyAccess",
  "AmazonEC2RoleforDataPipelineRole": "arn:aws:iam::aws:policy/service-role/AmazonEC2RoleforDataPipelineRole",
  "AWSElasticBeanstalkService": "arn:aws:iam::aws:policy/service-role/AWSElasticBeanstalkService",
  "AWSQuickSightIoTAnalyticsAccess": "arn:aws:iam::aws:policy/AWSQuickSightIoTAnalyticsAccess",
  "AWSElasticBeanstalkCustomPlatformforEC2Role": "arn:aws:iam::aws:policy/AWSElasticBeanstalkCustomPlatformforEC2Role",
  "AWSStepFunctionsConsoleFullAccess": "arn:aws:iam::aws:policy/AWSStepFunctionsConsoleFullAccess",
  "AWSCloudTrailFullAccess": "arn:aws:iam::aws:policy/AWSCloudTrailFullAccess",
  "NetworkAdministrator": "arn:aws:iam::aws:policy/job-function/NetworkAdministrator",
  "AWSCodePipelineApproverAccess": "arn:aws:iam::aws:policy/AWSCodePipelineApproverAccess",
  "AWSDirectConnectReadOnlyAccess": "arn:aws:iam::aws:policy/AWSDirectConnectReadOnlyAccess",
  "AmazonMobileAnalyticsFinancialReportAccess": "arn:aws:iam::aws:policy/AmazonMobileAnalyticsFinancialReportAccess",
  "AWSDeepLensLambdaFunctionAccessPolicy": "arn:aws:iam::aws:policy/AWSDeepLensLambdaFunctionAccessPolicy",
  "AutoScalingFullAccess": "arn:aws:iam::aws:policy/AutoScalingFullAccess",
  "AmazonLexRunBotsOnly": "arn:aws:iam::aws:policy/AmazonLexRunBotsOnly",
  "AmazonEC2RoleforAWSCodeDeploy": "arn:aws:iam::aws:policy/service-role/AmazonEC2RoleforAWSCodeDeploy",
  "AWSLambdaReplicator": "arn:aws:iam::aws:policy/aws-service-role/AWSLambdaReplicator",
  "CloudWatchEventsReadOnlyAccess": "arn:aws:iam::aws:policy/CloudWatchEventsReadOnlyAccess",
  "CloudWatchActionsEC2Access": "arn:aws:iam::aws:policy/CloudWatchActionsEC2Access",
  "ViewOnlyAccess": "arn:aws:iam::aws:policy/job-function/ViewOnlyAccess",
  "AmazonECSTaskExecutionRolePolicy": "arn:aws:iam::aws:policy/service-role/AmazonECSTaskExecutionRolePolicy",
  "AmazonMacieServiceRole": "arn:aws:iam::aws:policy/service-role/AmazonMacieServiceRole",
  "ResourceGroupsandTagEditorFullAccess": "arn:aws:iam::aws:policy/ResourceGroupsandTagEditorFullAccess",
  "AmazonESReadOnlyAccess": "arn:aws:iam::aws:policy/AmazonESReadOnlyAccess",
  "IAMReadOnlyAccess": "arn:aws:iam::aws:policy/IAMReadOnlyAccess",
  "AWSCloud9User": "arn:aws:iam::aws:policy/AWSCloud9User",
  "AmazonMachineLearningRealTimePredictionOnlyAccess": "arn:aws:iam::aws:policy/AmazonMachineLearningRealTimePredictionOnlyAccess",
  "AWSCloud9ServiceRolePolicy": "arn:aws:iam::aws:policy/aws-service-role/AWSCloud9ServiceRolePolicy",
  "AmazonMachineLearningCreateOnlyAccess": "arn:aws:iam::aws:policy/AmazonMachineLearningCreateOnlyAccess",
  "AmazonRoute53AutoNamingFullAccess": "arn:aws:iam::aws:policy/AmazonRoute53AutoNamingFullAccess",
  "AWSXrayFullAccess": "arn:aws:iam::aws:policy/AWSXrayFullAccess",
  "AWSElasticBeanstalkWebTier": "arn:aws:iam::aws:policy/AWSElasticBeanstalkWebTier",
  "AWSConfigRoleForOrganizations": "arn:aws:iam::aws:policy/service-role/AWSConfigRoleForOrganizations",
  "AmazonRDSFullAccess": "arn:aws:iam::aws:policy/AmazonRDSFullAccess",
  "AWSIoTLogging": "arn:aws:iam::aws:policy/service-role/AWSIoTLogging",
  "AWSConfigRole": "arn:aws:iam::aws:policy/service-role/AWSConfigRole",
  "AWSStorageGatewayReadOnlyAccess": "arn:aws:iam::aws:policy/AWSStorageGatewayReadOnlyAccess",
  "AWSCodeDeployDeployerAccess": "arn:aws:iam::aws:policy/AWSCodeDeployDeployerAccess",
  "AmazonWorkMailReadOnlyAccess": "arn:aws:iam::aws:policy/AmazonWorkMailReadOnlyAccess",
  "AmazonSNSRole": "arn:aws:iam::aws:policy/service-role/AmazonSNSRole",
  "AWSImportExportFullAccess": "arn:aws:iam::aws:policy/AWSImportExportFullAccess",
  "AmazonAppStreamServiceAccess": "arn:aws:iam::aws:policy/service-role/AmazonAppStreamServiceAccess",
  "AWSGlueConsoleFullAccess": "arn:aws:iam::aws:policy/AWSGlueConsoleFullAccess",
  "ComprehendReadOnly": "arn:aws:iam::aws:policy/ComprehendReadOnly",
  "AmazonMachineLearningBatchPredictionsAccess": "arn:aws:iam::aws:policy/AmazonMachineLearningBatchPredictionsAccess",
  "AWSEnhancedClassicNetworkingMangementPolicy": "arn:aws:iam::aws:policy/aws-service-role/AWSEnhancedClassicNetworkingMangementPolicy",
  "SecretsManagerReadWrite": "arn:aws:iam::aws:policy/SecretsManagerReadWrite",
  "AmazonMQFullAccess": "arn:aws:iam::aws:policy/AmazonMQFullAccess",
  "AWSIoTConfigReadOnlyAccess": "arn:aws:iam::aws:policy/AWSIoTConfigReadOnlyAccess",
  "AWSElasticLoadBalancingClassicServiceRolePolicy": "arn:aws:iam::aws:policy/aws-service-role/AWSElasticLoadBalancingClassicServiceRolePolicy",
  "SystemAdministrator": "arn:aws:iam::aws:policy/job-function/SystemAdministrator",
  "AmazonEC2ContainerRegistryFullAccess": "arn:aws:iam::aws:policy/AmazonEC2ContainerRegistryFullAccess",
  "CloudWatchEventsInvocationAccess": "arn:aws:iam::aws:policy/service-role/CloudWatchEventsInvocationAccess",
  "AmazonECSServiceRolePolicy": "arn:aws:iam::aws:policy/aws-service-role/AmazonECSServiceRolePolicy",
  "AmazonCognitoPowerUser": "arn:aws:iam::aws:policy/AmazonCognitoPowerUser",
  "ElastiCacheServiceRolePolicy": "arn:aws:iam::aws:policy/aws-service-role/ElastiCacheServiceRolePolicy",
  "AWSCloudFormationReadOnlyAccess": "arn:aws:iam::aws:policy/AWSCloudFormationReadOnlyAccess",
  "ApplicationAutoScalingForAmazonAppStreamAccess": "arn:aws:iam::aws:policy/service-role/ApplicationAutoScalingForAmazonAppStreamAccess",
  "AWSCloud9EnvironmentMember": "arn:aws:iam::aws:policy/AWSCloud9EnvironmentMember",
  "AmazonLexFullAccess": "arn:aws:iam::aws:policy/AmazonLexFullAccess",
  "AmazonElastiCacheFullAccess": "arn:aws:iam::aws:policy/AmazonElastiCacheFullAccess",
  "AWSBatchServiceRole": "arn:aws:iam::aws:policy/service-role/AWSBatchServiceRole",
  "AmazonKinesisAnalyticsFullAccess": "arn:aws:iam::aws:policy/AmazonKinesisAnalyticsFullAccess",
  "AWSApplicationAutoscalingDynamoDBTablePolicy": "arn:aws:iam::aws:policy/aws-service-role/AWSApplicationAutoscalingDynamoDBTablePolicy",
  "AmazonElasticFileSystemFullAccess": "arn:aws:iam::aws:policy/AmazonElasticFileSystemFullAccess",
  "AmazonEC2ContainerServiceAutoscaleRole": "arn:aws:iam::aws:policy/service-role/AmazonEC2ContainerServiceAutoscaleRole",
  "AWSCodeDeployReadOnlyAccess": "arn:aws:iam::aws:policy/AWSCodeDeployReadOnlyAccess",
  "AWSHealthFullAccess": "arn:aws:iam::aws:policy/AWSHealthFullAccess",
  "AmazonDynamoDBReadOnlyAccess": "arn:aws:iam::aws:policy/AmazonDynamoDBReadOnlyAccess",
  "AmazonVPCFullAccess": "arn:aws:iam::aws:policy/AmazonVPCFullAccess",
  "AmazonEC2RoleforSSM": "arn:aws:iam::aws:policy/service-role/AmazonEC2RoleforSSM",
  "AmazonMobileAnalyticsNon-financialReportAccess": "arn:aws:iam::aws:policy/AmazonMobileAnalyticsNon-financialReportAccess",
  "AmazonSageMakerReadOnly": "arn:aws:iam::aws:policy/AmazonSageMakerReadOnly",
  "AWSCloudHSMReadOnlyAccess": "arn:aws:iam::aws:policy/AWSCloudHSMReadOnlyAccess",
  "AmazonCognitoDeveloperAuthenticatedIdentities": "arn:aws:iam::aws:policy/AmazonCognitoDeveloperAuthenticatedIdentities",
  "AmazonRDSEnhancedMonitoringRole": "arn:aws:iam::aws:policy/service-role/AmazonRDSEnhancedMonitoringRole",
  "AWSCodeBuildReadOnlyAccess": "arn:aws:iam::aws:policy/AWSCodeBuildReadOnlyAccess",
  "AWSDirectoryServiceReadOnlyAccess": "arn:aws:iam::aws:policy/AWSDirectoryServiceReadOnlyAccess",
  "AmazonCloudDirectoryReadOnlyAccess": "arn:aws:iam::aws:policy/AmazonCloudDirectoryReadOnlyAccess",
  "CloudSearchReadOnlyAccess": "arn:aws:iam::aws:policy/CloudSearchReadOnlyAccess",
  "AWSElementalMediaStoreReadOnly": "arn:aws:iam::aws:policy/AWSElementalMediaStoreReadOnly",
  "LexChannelPolicy": "arn:aws:iam::aws:policy/aws-service-role/LexChannelPolicy",
  "AWSSSOServiceRolePolicy": "arn:aws:iam::aws:policy/aws-service-role/AWSSSOServiceRolePolicy",
  "AWSConfigRulesExecutionRole": "arn:aws:iam::aws:policy/service-role/AWSConfigRulesExecutionRole",
  "AmazonChimeUserManagement": "arn:aws:iam::aws:policy/AmazonChimeUserManagement",
  "IAMFullAccess": "arn:aws:iam::aws:policy/IAMFullAccess",
  "IAMUserChangePassword": "arn:aws:iam::aws:policy/IAMUserChangePassword",
  "AWSKeyManagementServicePowerUser": "arn:aws:iam::aws:policy/AWSKeyManagementServicePowerUser",
  "AWSMobileHub_FullAccess": "arn:aws:iam::aws:policy/AWSMobileHub_FullAccess",
  "AWSLambdaReplicatorInternal": "arn:aws:iam::aws:policy/aws-service-role/AWSLambdaReplicatorInternal",
  "AWSOpsWorksCMServiceRole": "arn:aws:iam::aws:policy/service-role/AWSOpsWorksCMServiceRole",
  "AmazonZocaloFullAccess": "arn:aws:iam::aws:policy/AmazonZocaloFullAccess",
  "AWSCertificateManagerFullAccess": "arn:aws:iam::aws:policy/AWSCertificateManagerFullAccess",
  "AmazonEC2ReadOnlyAccess": "arn:aws:iam::aws:policy/AmazonEC2ReadOnlyAccess",
  "AmazonDynamoDBFullAccess": "arn:aws:iam::aws:policy/AmazonDynamoDBFullAccess",
  "DAXServiceRolePolicy": "arn:aws:iam::aws:policy/aws-service-role/DAXServiceRolePolicy",
  "AWSApplicationAutoscalingSageMakerEndpointPolicy": "arn:aws:iam::aws:policy/aws-service-role/AWSApplicationAutoscalingSageMakerEndpointPolicy",
  "AmazonWorkSpacesApplicationManagerAdminAccess": "arn:aws:iam::aws:policy/AmazonWorkSpacesApplicationManagerAdminAccess",
  "AmazonElasticMapReduceforEC2Role": "arn:aws:iam::aws:policy/service-role/AmazonElasticMapReduceforEC2Role",
  "AmazonSNSReadOnlyAccess": "arn:aws:iam::aws:policy/AmazonSNSReadOnlyAccess",
  "CloudHSMServiceRolePolicy": "arn:aws:iam::aws:policy/aws-service-role/CloudHSMServiceRolePolicy",
  "AWSApplicationAutoscalingAppStreamFleetPolicy": "arn:aws:iam::aws:policy/aws-service-role/AWSApplicationAutoscalingAppStreamFleetPolicy",
  "IAMUserSSHKeys": "arn:aws:iam::aws:policy/IAMUserSSHKeys",
  "AmazonVPCCrossAccountNetworkInterfaceOperations": "arn:aws:iam::aws:policy/AmazonVPCCrossAccountNetworkInterfaceOperations",
  "AmazonFreeRTOSFullAccess": "arn:aws:iam::aws:policy/AmazonFreeRTOSFullAccess",
  "AmazonInspectorReadOnlyAccess": "arn:aws:iam::aws:policy/AmazonInspectorReadOnlyAccess",
  "AmazonEMRCleanupPolicy": "arn:aws:iam::aws:policy/aws-service-role/AmazonEMRCleanupPolicy",
  "IAMSelfManageServiceSpecificCredentials": "arn:aws:iam::aws:policy/IAMSelfManageServiceSpecificCredentials",
  "AWSQuicksightAthenaAccess": "arn:aws:iam::aws:policy/service-role/AWSQuicksightAthenaAccess",
  "AmazonEC2ContainerServiceRole": "arn:aws:iam::aws:policy/service-role/AmazonEC2ContainerServiceRole",
  "AmazonMechanicalTurkReadOnly": "arn:aws:iam::aws:policy/AmazonMechanicalTurkReadOnly",
  "AmazonEC2ReportsAccess": "arn:aws:iam::aws:policy/AmazonEC2ReportsAccess",
  "AWSElementalMediaStoreFullAccess": "arn:aws:iam::aws:policy/AWSElementalMediaStoreFullAccess",
  "AWSBatchServiceEventTargetRole": "arn:aws:iam::aws:policy/service-role/AWSBatchServiceEventTargetRole",
  "AWSCodeDeployFullAccess": "arn:aws:iam::aws:policy/AWSCodeDeployFullAccess",
  "CloudWatchAgentServerPolicy": "arn:aws:iam::aws:policy/CloudWatchAgentServerPolicy",
  "AWSApplicationAutoscalingRDSClusterPolicy": "arn:aws:iam::aws:policy/aws-service-role/AWSApplicationAutoscalingRDSClusterPolicy",
  "AmazonVPCReadOnlyAccess": "arn:aws:iam::aws:policy/AmazonVPCReadOnlyAccess",
  "AmazonRoute53DomainsReadOnlyAccess": "arn:aws:iam::aws:policy/AmazonRoute53DomainsReadOnlyAccess",
  "AWSElasticBeanstalkReadOnlyAccess": "arn:aws:iam::aws:policy/AWSElasticBeanstalkReadOnlyAccess",
  "AWSStepFunctionsReadOnlyAccess": "arn:aws:iam::aws:policy/AWSStepFunctionsReadOnlyAccess",
  "AWSSupportAccess": "arn:aws:iam::aws:policy/AWSSupportAccess",
  "GreengrassOTAUpdateArtifactAccess": "arn:aws:iam::aws:policy/service-role/GreengrassOTAUpdateArtifactAccess",
  "AmazonEC2ContainerServiceforEC2Role": "arn:aws:iam::aws:policy/service-role/AmazonEC2ContainerServiceforEC2Role",
  "AmazonKinesisVideoStreamsReadOnlyAccess": "arn:aws:iam::aws:policy/AmazonKinesisVideoStreamsReadOnlyAccess",
  "AWSMarketplaceFullAccess": "arn:aws:iam::aws:policy/AWSMarketplaceFullAccess",
  "AWSOpsWorksCloudWatchLogs": "arn:aws:iam::aws:policy/AWSOpsWorksCloudWatchLogs",
  "AWSStepFunctionsFullAccess": "arn:aws:iam::aws:policy/AWSStepFunctionsFullAccess",
  "AmazonSQSReadOnlyAccess": "arn:aws:iam::aws:policy/AmazonSQSReadOnlyAccess",
  "AmazonElasticMapReduceRole": "arn:aws:iam::aws:policy/service-role/AmazonElasticMapReduceRole",
  "AWSOpsWorksCMInstanceProfileRole": "arn:aws:iam::aws:policy/AWSOpsWorksCMInstanceProfileRole",
  "AWSMarketplaceRead-only": "arn:aws:iam::aws:policy/AWSMarketplaceRead-only",
  "AWSWAFFullAccess": "arn:aws:iam::aws:policy/AWSWAFFullAccess",
  "AmazonSQSFullAccess": "arn:aws:iam::aws:policy/AmazonSQSFullAccess",
  "AmazonMobileAnalyticsFullAccess": "arn:aws:iam::aws:policy/AmazonMobileAnalyticsFullAccess",
  "AutoScalingConsoleFullAccess": "arn:aws:iam::aws:policy/AutoScalingConsoleFullAccess",
  "QuickSightAccessForS3StorageManagementAnalyticsReadOnly": "arn:aws:iam::aws:policy/service-role/QuickSightAccessForS3StorageManagementAnalyticsReadOnly",
  "AmazonESCognitoAccess": "arn:aws:iam::aws:policy/AmazonESCognitoAccess",
  "AWSAppSyncSchemaAuthor": "arn:aws:iam::aws:policy/AWSAppSyncSchemaAuthor",
  "AWSIoTConfigAccess": "arn:aws:iam::aws:policy/AWSIoTConfigAccess",
  "AWSAppSyncPushToCloudWatchLogs": "arn:aws:iam::aws:policy/service-role/AWSAppSyncPushToCloudWatchLogs",
  "AWSDataPipeline_PowerUser": "arn:aws:iam::aws:policy/AWSDataPipeline_PowerUser",
  "AWSStorageGatewayFullAccess": "arn:aws:iam::aws:policy/AWSStorageGatewayFullAccess",
  "AmazonElasticTranscoderReadOnlyAccess": "arn:aws:iam::aws:policy/AmazonElasticTranscoderReadOnlyAccess",
  "AmazonSSMServiceRolePolicy": "arn:aws:iam::aws:policy/aws-service-role/AmazonSSMServiceRolePolicy",
  "AWSMigrationHubSMSAccess": "arn:aws:iam::aws:policy/service-role/AWSMigrationHubSMSAccess",
  "AWSCertificateManagerReadOnly": "arn:aws:iam::aws:policy/AWSCertificateManagerReadOnly",
  "AWSLambdaKinesisExecutionRole": "arn:aws:iam::aws:policy/service-role/AWSLambdaKinesisExecutionRole",
  "AWSDeepLensServiceRolePolicy": "arn:aws:iam::aws:policy/service-role/AWSDeepLensServiceRolePolicy",
  "AWSApplicationDiscoveryAgentAccess": "arn:aws:iam::aws:policy/AWSApplicationDiscoveryAgentAccess",
  "AWSServiceCatalogAdminFullAccess": "arn:aws:iam::aws:policy/AWSServiceCatalogAdminFullAccess",
  "AdministratorAccess": "arn:aws:iam::aws:policy/AdministratorAccess",
  "CloudSearchFullAccess": "arn:aws:iam::aws:policy/CloudSearchFullAccess",
  "AmazonInspectorServiceRolePolicy": "arn:aws:iam::aws:policy/aws-service-role/AmazonInspectorServiceRolePolicy",
  "AmazonGlacierFullAccess": "arn:aws:iam::aws:policy/AmazonGlacierFullAccess",
  "AWSConnector": "arn:aws:iam::aws:policy/AWSConnector",
  "FMSServiceRolePolicy": "arn:aws:iam::aws:policy/aws-service-role/FMSServiceRolePolicy",
  "AWSXrayWriteOnlyAccess": "arn:aws:iam::aws:policy/AWSXrayWriteOnlyAccess",
  "AmazonMachineLearningRoleforRedshiftDataSource": "arn:aws:iam::aws:policy/service-role/AmazonMachineLearningRoleforRedshiftDataSource",
  "AmazonSESReadOnlyAccess": "arn:aws:iam::aws:policy/AmazonSESReadOnlyAccess",
  "AmazonAppStreamFullAccess": "arn:aws:iam::aws:policy/AmazonAppStreamFullAccess",
  "AWSMobileHub_ReadOnly": "arn:aws:iam::aws:policy/AWSMobileHub_ReadOnly",
  "AWSEC2FleetServiceRolePolicy": "arn:aws:iam::aws:policy/aws-service-role/AWSEC2FleetServiceRolePolicy",
  "AWSElementalMediaPackageFullAccess": "arn:aws:iam::aws:policy/AWSElementalMediaPackageFullAccess",
  "AWSQuickSightListIAM": "arn:aws:iam::aws:policy/service-role/AWSQuickSightListIAM",
  "AmazonAPIGatewayPushToCloudWatchLogs": "arn:aws:iam::aws:policy/service-role/AmazonAPIGatewayPushToCloudWatchLogs",
  "AmazonDynamoDBFullAccesswithDataPipeline": "arn:aws:iam::aws:policy/AmazonDynamoDBFullAccesswithDataPipeline",
  "AmazonAppStreamReadOnlyAccess": "arn:aws:iam::aws:policy/AmazonAppStreamReadOnlyAccess",
  "AWSGlueServiceRole": "arn:aws:iam::aws:policy/service-role/AWSGlueServiceRole",
  "AWSServiceCatalogEndUserFullAccess": "arn:aws:iam::aws:policy/AWSServiceCatalogEndUserFullAccess",
  "AmazonElasticTranscoderRole": "arn:aws:iam::aws:policy/service-role/AmazonElasticTranscoderRole",
  "AWSMarketplaceGetEntitlements": "arn:aws:iam::aws:policy/AWSMarketplaceGetEntitlements",
  "SupportUser": "arn:aws:iam::aws:policy/job-function/SupportUser",
  "AWSIoTOTAUpdate": "arn:aws:iam::aws:policy/service-role/AWSIoTOTAUpdate",
  "AutoScalingServiceRolePolicy": "arn:aws:iam::aws:policy/aws-service-role/AutoScalingServiceRolePolicy",
  "AmazonZocaloReadOnlyAccess": "arn:aws:iam::aws:policy/AmazonZocaloReadOnlyAccess",
  "AmazonPollyFullAccess": "arn:aws:iam::aws:policy/AmazonPollyFullAccess",
  "AWSQuickSightDescribeRDS": "arn:aws:iam::aws:policy/service-role/AWSQuickSightDescribeRDS",
  "AWSCloudHSMRole": "arn:aws:iam::aws:policy/service-role/AWSCloudHSMRole",
  "AWSGlueServiceNotebookRole": "arn:aws:iam::aws:policy/service-role/AWSGlueServiceNotebookRole",
  "CloudWatchEventsServiceRolePolicy": "arn:aws:iam::aws:policy/aws-service-role/CloudWatchEventsServiceRolePolicy",
  "AmazonRedshiftReadOnlyAccess": "arn:aws:iam::aws:policy/AmazonRedshiftReadOnlyAccess",
  "AWSLambdaInvocation-DynamoDB": "arn:aws:iam::aws:policy/AWSLambdaInvocation-DynamoDB",
  "AmazonRekognitionServiceRole": "arn:aws:iam::aws:policy/service-role/AmazonRekognitionServiceRole",
  "AWSQuickSightDescribeRedshift": "arn:aws:iam::aws:policy/service-role/AWSQuickSightDescribeRedshift",
  "AmazonAPIGatewayAdministrator": "arn:aws:iam::aws:policy/AmazonAPIGatewayAdministrator",
  "AWSCodeBuildDeveloperAccess": "arn:aws:iam::aws:policy/AWSCodeBuildDeveloperAccess",
  "AmazonEC2FullAccess": "arn:aws:iam::aws:policy/AmazonEC2FullAccess",
  "AWSCodeCommitPowerUser": "arn:aws:iam::aws:policy/AWSCodeCommitPowerUser",
  "AmazonRoute53AutoNamingReadOnlyAccess": "arn:aws:iam::aws:policy/AmazonRoute53AutoNamingReadOnlyAccess",
  "AWSCodeDeployRole": "arn:aws:iam::aws:policy/service-role/AWSCodeDeployRole",
  "ServerMigrationConnector": "arn:aws:iam::aws:policy/ServerMigrationConnector",
  "CloudWatchLogsReadOnlyAccess": "arn:aws:iam::aws:policy/CloudWatchLogsReadOnlyAccess",
  "PowerUserAccess": "arn:aws:iam::aws:policy/PowerUserAccess",
  "AWSMarketplaceManageSubscriptions": "arn:aws:iam::aws:policy/AWSMarketplaceManageSubscriptions",
  "AmazonRDSReadOnlyAccess": "arn:aws:iam::aws:policy/AmazonRDSReadOnlyAccess",
  "ServiceCatalogEndUserAccess": "arn:aws:iam::aws:policy/ServiceCatalogEndUserAccess",
  "AWSOpsWorksRole": "arn:aws:iam::aws:policy/service-role/AWSOpsWorksRole",
  "AmazonSSMReadOnlyAccess": "arn:aws:iam::aws:policy/AmazonSSMReadOnlyAccess",
  "AWSCodePipelineCustomActionAccess": "arn:aws:iam::aws:policy/AWSCodePipelineCustomActionAccess",
  "AmazonRoute53AutoNamingRegistrantAccess": "arn:aws:iam::aws:policy/AmazonRoute53AutoNamingRegistrantAccess",
  "AmazonMachineLearningReadOnlyAccess": "arn:aws:iam::aws:policy/AmazonMachineLearningReadOnlyAccess",
  "AmazonESFullAccess": "arn:aws:iam::aws:policy/AmazonESFullAccess",
  "AWSConfigUserAccess": "arn:aws:iam::aws:policy/AWSConfigUserAccess",
  "DatabaseAdministrator": "arn:aws:iam::aws:policy/job-function/DatabaseAdministrator",
  "CloudWatchLogsFullAccess": "arn:aws:iam::aws:policy/CloudWatchLogsFullAccess",
  "AmazonSSMAutomationRole": "arn:aws:iam::aws:policy/service-role/AmazonSSMAutomationRole",
  "AmazonMachineLearningFullAccess": "arn:aws:iam::aws:policy/AmazonMachineLearningFullAccess",
  "AmazonSageMakerFullAccess": "arn:aws:iam::aws:policy/AmazonSageMakerFullAccess",
  "ServerMigrationServiceRole": "arn:aws:iam::aws:policy/service-role/ServerMigrationServiceRole",
  "AWSLambdaVPCAccessExecutionRole": "arn:aws:iam::aws:policy/service-role/AWSLambdaVPCAccessExecutionRole",
  "AmazonSESFullAccess": "arn:aws:iam::aws:policy/AmazonSESFullAccess",
  "AmazonTranscribeReadOnlyAccess": "arn:aws:iam::aws:policy/AmazonTranscribeReadOnlyAccess",
  "AmazonKinesisAnalyticsReadOnly": "arn:aws:iam::aws:policy/AmazonKinesisAnalyticsReadOnly",
  "AmazonRekognitionReadOnlyAccess": "arn:aws:iam::aws:policy/AmazonRekognitionReadOnlyAccess",
  "AmazonInspectorFullAccess": "arn:aws:iam::aws:policy/AmazonInspectorFullAccess",
  "AmazonElasticMapReduceforAutoScalingRole": "arn:aws:iam::aws:policy/service-role/AmazonElasticMapReduceforAutoScalingRole",
  "AWSImportExportReadOnlyAccess": "arn:aws:iam::aws:policy/AWSImportExportReadOnlyAccess",
  "AmazonMQReadOnlyAccess": "arn:aws:iam::aws:policy/AmazonMQReadOnlyAccess",
  "AWSElasticBeanstalkEnhancedHealth": "arn:aws:iam::aws:policy/service-role/AWSElasticBeanstalkEnhancedHealth",
  "AmazonGuardDutyServiceRolePolicy": "arn:aws:iam::aws:policy/aws-service-role/AmazonGuardDutyServiceRolePolicy",
  "AWSAppSyncAdministrator": "arn:aws:iam::aws:policy/AWSAppSyncAdministrator",
  "AWSCodeBuildAdminAccess": "arn:aws:iam::aws:policy/AWSCodeBuildAdminAccess",
  "AWSServiceRoleForEC2ScheduledInstances": "arn:aws:iam::aws:policy/aws-service-role/AWSServiceRoleForEC2ScheduledInstances",
  "AWSDeviceFarmFullAccess": "arn:aws:iam::aws:policy/AWSDeviceFarmFullAccess",
  "ComprehendFullAccess": "arn:aws:iam::aws:policy/ComprehendFullAccess",
  "AWSAgentlessDiscoveryService": "arn:aws:iam::aws:policy/AWSAgentlessDiscoveryService",
  "CloudWatchReadOnlyAccess": "arn:aws:iam::aws:policy/CloudWatchReadOnlyAccess",
  "AmazonElasticMapReduceReadOnlyAccess": "arn:aws:iam::aws:policy/AmazonElasticMapReduceReadOnlyAccess",
  "CloudWatchAgentAdminPolicy": "arn:aws:iam::aws:policy/CloudWatchAgentAdminPolicy",
  "AWSCodeStarServiceRole": "arn:aws:iam::aws:policy/service-role/AWSCodeStarServiceRole",
  "AmazonMacieSetupRole": "arn:aws:iam::aws:policy/service-role/AmazonMacieSetupRole",
  "AWSLambdaENIManagementAccess": "arn:aws:iam::aws:policy/service-role/AWSLambdaENIManagementAccess",
  "AWSOpsWorksInstanceRegistration": "arn:aws:iam::aws:policy/AWSOpsWorksInstanceRegistration",
  "AWSDirectoryServiceFullAccess": "arn:aws:iam::aws:policy/AWSDirectoryServiceFullAccess",
  "CloudWatchEventsBuiltInTargetExecutionAccess": "arn:aws:iam::aws:policy/service-role/CloudWatchEventsBuiltInTargetExecutionAccess",
  "AWSIoTFullAccess": "arn:aws:iam::aws:policy/AWSIoTFullAccess",
  "ServiceCatalogAdminReadOnlyAccess": "arn:aws:iam::aws:policy/ServiceCatalogAdminReadOnlyAccess",
  "AWSGreengrassFullAccess": "arn:aws:iam::aws:policy/AWSGreengrassFullAccess",
  "AWSCodeCommitFullAccess": "arn:aws:iam::aws:policy/AWSCodeCommitFullAccess",
  "AlexaForBusinessGatewayExecution": "arn:aws:iam::aws:policy/AlexaForBusinessGatewayExecution",
  "AWSMigrationHubFullAccess": "arn:aws:iam::aws:policy/AWSMigrationHubFullAccess",
  "AWSMarketplaceMeteringFullAccess": "arn:aws:iam::aws:policy/AWSMarketplaceMeteringFullAccess",
  "CloudFrontFullAccess": "arn:aws:iam::aws:policy/CloudFrontFullAccess",
  "AmazonAthenaFullAccess": "arn:aws:iam::aws:policy/AmazonAthenaFullAccess",
  "AWSCodeDeployRoleForLambda": "arn:aws:iam::aws:policy/service-role/AWSCodeDeployRoleForLambda",
  "AWSElasticLoadBalancingServiceRolePolicy": "arn:aws:iam::aws:policy/aws-service-role/AWSElasticLoadBalancingServiceRolePolicy",
  "AmazonKinesisFullAccess": "arn:aws:iam::aws:policy/AmazonKinesisFullAccess",
  "AWSApplicationAutoscalingEMRInstanceGroupPolicy": "arn:aws:iam::aws:policy/aws-service-role/AWSApplicationAutoscalingEMRInstanceGroupPolicy",
  "AWSArtifactAccountSync": "arn:aws:iam::aws:policy/service-role/AWSArtifactAccountSync",
  "AWSBatchFullAccess": "arn:aws:iam::aws:policy/AWSBatchFullAccess",
  "AmazonRoute53FullAccess": "arn:aws:iam::aws:policy/AmazonRoute53FullAccess",
  "AWSTrustedAdvisorServiceRolePolicy": "arn:aws:iam::aws:policy/aws-service-role/AWSTrustedAdvisorServiceRolePolicy",
  "AWSCodePipelineFullAccess": "arn:aws:iam::aws:policy/AWSCodePipelineFullAccess",
  "AmazonWorkMailFullAccess": "arn:aws:iam::aws:policy/AmazonWorkMailFullAccess",
  "TranslateReadOnly": "arn:aws:iam::aws:policy/TranslateReadOnly",
  "AmazonDMSVPCManagementRole": "arn:aws:iam::aws:policy/service-role/AmazonDMSVPCManagementRole",
  "AWSCodeCommitReadOnly": "arn:aws:iam::aws:policy/AWSCodeCommitReadOnly",
  "CloudWatchEventsFullAccess": "arn:aws:iam::aws:policy/CloudWatchEventsFullAccess",
  "AWSDataPipelineRole": "arn:aws:iam::aws:policy/service-role/AWSDataPipelineRole",
  "AmazonMobileAnalyticsWriteOnlyAccess": "arn:aws:iam::aws:policy/AmazonMobileAnalyticsWriteOnlyAccess",
  "AWSLambdaFullAccess": "arn:aws:iam::aws:policy/AWSLambdaFullAccess",
  "APIGatewayServiceRolePolicy": "arn:aws:iam::aws:policy/aws-service-role/APIGatewayServiceRolePolicy",
  "DataScientist": "arn:aws:iam::aws:policy/job-function/DataScientist",
  "AmazonLexReadOnly": "arn:aws:iam::aws:policy/AmazonLexReadOnly",
  "AWSDataPipeline_FullAccess": "arn:aws:iam::aws:policy/AWSDataPipeline_FullAccess",
  "AWSCloud9Administrator": "arn:aws:iam::aws:policy/AWSCloud9Administrator",
  "AmazonRDSServiceRolePolicy": "arn:aws:iam::aws:policy/aws-service-role/AmazonRDSServiceRolePolicy",
  "AmazonMachineLearningManageRealTimeEndpointOnlyAccess": "arn:aws:iam::aws:policy/AmazonMachineLearningManageRealTimeEndpointOnlyAccess",
  "AutoScalingReadOnlyAccess": "arn:aws:iam::aws:policy/AutoScalingReadOnlyAccess",
  "AWSApplicationAutoscalingECSServicePolicy": "arn:aws:iam::aws:policy/aws-service-role/AWSApplicationAutoscalingECSServicePolicy",
  "AmazonECS_FullAccess": "arn:aws:iam::aws:policy/AmazonECS_FullAccess",
  "AmazonMechanicalTurkFullAccess": "arn:aws:iam::aws:policy/AmazonMechanicalTurkFullAccess",
  "AmazonS3FullAccess": "arn:aws:iam::aws:policy/AmazonS3FullAccess",
  "AmazonKinesisFirehoseReadOnlyAccess": "arn:aws:iam::aws:policy/AmazonKinesisFirehoseReadOnlyAccess",
  "AWSCodeStarFullAccess": "arn:aws:iam::aws:policy/AWSCodeStarFullAccess",
  "AmazonElasticsearchServiceRolePolicy": "arn:aws:iam::aws:policy/aws-service-role/AmazonElasticsearchServiceRolePolicy",
  "AmazonWorkSpacesAdmin": "arn:aws:iam::aws:policy/AmazonWorkSpacesAdmin",
  "AmazonMechanicalTurkCrowdReadOnlyAccess": "arn:aws:iam::aws:policy/AmazonMechanicalTurkCrowdReadOnlyAccess",
  "AmazonRoute53DomainsFullAccess": "arn:aws:iam::aws:policy/AmazonRoute53DomainsFullAccess",
  "AmazonEC2ContainerRegistryReadOnly": "arn:aws:iam::aws:policy/AmazonEC2ContainerRegistryReadOnly",
  "AmazonRekognitionFullAccess": "arn:aws:iam::aws:policy/AmazonRekognitionFullAccess",
  "AWSLambdaRole": "arn:aws:iam::aws:policy/service-role/AWSLambdaRole",
  "AWSApplicationAutoscalingEC2SpotFleetRequestPolicy": "arn:aws:iam::aws:policy/aws-service-role/AWSApplicationAutoscalingEC2SpotFleetRequestPolicy",
  "CloudFrontReadOnlyAccess": "arn:aws:iam::aws:policy/CloudFrontReadOnlyAccess",
  "AmazonCloudDirectoryFullAccess": "arn:aws:iam::aws:policy/AmazonCloudDirectoryFullAccess",
  "AWSIoTRuleActions": "arn:aws:iam::aws:policy/service-role/AWSIoTRuleActions",
  "AmazonEC2SpotFleetTaggingRole": "arn:aws:iam::aws:policy/service-role/AmazonEC2SpotFleetTaggingRole",
  "AWSLambdaDynamoDBExecutionRole": "arn:aws:iam::aws:policy/service-role/AWSLambdaDynamoDBExecutionRole",
  "AmazonElastiCacheReadOnlyAccess": "arn:aws:iam::aws:policy/AmazonElastiCacheReadOnlyAccess",
  "AWSMigrationHubDiscoveryAccess": "arn:aws:iam::aws:policy/service-role/AWSMigrationHubDiscoveryAccess",
  "AWSLambdaExecute": "arn:aws:iam::aws:policy/AWSLambdaExecute",
  "AWSIoTDataAccess": "arn:aws:iam::aws:policy/AWSIoTDataAccess",
  "AmazonChimeReadOnly": "arn:aws:iam::aws:policy/AmazonChimeReadOnly",
  "AlexaForBusinessDeviceSetup": "arn:aws:iam::aws:policy/AlexaForBusinessDeviceSetup",
  "AmazonRedshiftFullAccess": "arn:aws:iam::aws:policy/AmazonRedshiftFullAccess",
  "AmazonDRSVPCManagement": "arn:aws:iam::aws:policy/AmazonDRSVPCManagement",
  "AWSAccountUsageReportAccess": "arn:aws:iam::aws:policy/AWSAccountUsageReportAccess",
  "VMImportExportRoleForAWSConnector": "arn:aws:iam::aws:policy/service-role/VMImportExportRoleForAWSConnector",
  "AWSDirectConnectFullAccess": "arn:aws:iam::aws:policy/AWSDirectConnectFullAccess",
  "AutoScalingNotificationAccessRole": "arn:aws:iam::aws:policy/service-role/AutoScalingNotificationAccessRole",
  "AmazonElasticMapReduceFullAccess": "arn:aws:iam::aws:policy/AmazonElasticMapReduceFullAccess",
  "AmazonEC2ContainerServiceFullAccess": "arn:aws:iam::aws:policy/AmazonEC2ContainerServiceFullAccess",
  "AmazonCognitoReadOnly": "arn:aws:iam::aws:policy/AmazonCognitoReadOnly",
  "AWSApplicationDiscoveryServiceFullAccess": "arn:aws:iam::aws:policy/AWSApplicationDiscoveryServiceFullAccess",
  "AmazonDMSRedshiftS3Role": "arn:aws:iam::aws:policy/service-role/AmazonDMSRedshiftS3Role",
  "AmazonSSMAutomationApproverAccess": "arn:aws:iam::aws:policy/AmazonSSMAutomationApproverAccess",
  "AWSMobileHub_ServiceUseOnly": "arn:aws:iam::aws:policy/service-role/AWSMobileHub_ServiceUseOnly",
  "AmazonAPIGatewayInvokeFullAccess": "arn:aws:iam::aws:policy/AmazonAPIGatewayInvokeFullAccess",
  "ReadOnlyAccess": "arn:aws:iam::aws:policy/ReadOnlyAccess",
  "DynamoDBReplicationServiceRolePolicy": "arn:aws:iam::aws:policy/aws-service-role/DynamoDBReplicationServiceRolePolicy",
  "AmazonSSMMaintenanceWindowRole": "arn:aws:iam::aws:policy/service-role/AmazonSSMMaintenanceWindowRole",
  "AmazonGuardDutyFullAccess": "arn:aws:iam::aws:policy/AmazonGuardDutyFullAccess",
  "AWSWAFReadOnlyAccess": "arn:aws:iam::aws:policy/AWSWAFReadOnlyAccess",
  "AutoScalingConsoleReadOnlyAccess": "arn:aws:iam::aws:policy/AutoScalingConsoleReadOnlyAccess",
  "AmazonRoute53ReadOnlyAccess": "arn:aws:iam::aws:policy/AmazonRoute53ReadOnlyAccess",
  "AmazonGuardDutyReadOnlyAccess": "arn:aws:iam::aws:policy/AmazonGuardDutyReadOnlyAccess",
  "AmazonElasticFileSystemReadOnlyAccess": "arn:aws:iam::aws:policy/AmazonElasticFileSystemReadOnlyAccess",
  "AmazonEC2ContainerRegistryPowerUser": "arn:aws:iam::aws:policy/AmazonEC2ContainerRegistryPowerUser",
  "AWSElasticBeanstalkFullAccess": "arn:aws:iam::aws:policy/AWSElasticBeanstalkFullAccess",
  "AmazonSSMFullAccess": "arn:aws:iam::aws:policy/AmazonSSMFullAccess",
  "Billing": "arn:aws:iam::aws:policy/job-function/Billing",
  "AWSElasticBeanstalkServiceRolePolicy": "arn:aws:iam::aws:policy/aws-service-role/AWSElasticBeanstalkServiceRolePolicy",
  "LexBotPolicy": "arn:aws:iam::aws:policy/aws-service-role/LexBotPolicy",
  "AmazonDMSCloudWatchLogsRole": "arn:aws:iam::aws:policy/service-role/AmazonDMSCloudWatchLogsRole",
  "AWSOrganizationsServiceTrustPolicy": "arn:aws:iam::aws:policy/aws-service-role/AWSOrganizationsServiceTrustPolicy",
  "AmazonEC2SpotFleetAutoscaleRole": "arn:aws:iam::aws:policy/service-role/AmazonEC2SpotFleetAutoscaleRole",
  "AWSIoTThingsRegistration": "arn:aws:iam::aws:policy/service-role/AWSIoTThingsRegistration",
  "IsengardControllerPolicy": "arn:aws:iam::aws:policy/aws-service-role/IsengardControllerPolicy",
  "AmazonRDSDirectoryServiceAccess": "arn:aws:iam::aws:policy/service-role/AmazonRDSDirectoryServiceAccess",
  "AmazonElasticTranscoderJobsSubmitter": "arn:aws:iam::aws:policy/AmazonElasticTranscoderJobsSubmitter",
  "AWSCodePipelineReadOnlyAccess": "arn:aws:iam::aws:policy/AWSCodePipelineReadOnlyAccess",
  "AWSEC2SpotFleetServiceRolePolicy": "arn:aws:iam::aws:policy/aws-service-role/AWSEC2SpotFleetServiceRolePolicy",
  "AlexaForBusinessReadOnlyAccess": "arn:aws:iam::aws:policy/AlexaForBusinessReadOnlyAccess",
  "AWSOpsWorksRegisterCLI": "arn:aws:iam::aws:policy/AWSOpsWorksRegisterCLI",
  "CloudWatchFullAccess": "arn:aws:iam::aws:policy/CloudWatchFullAccess",
  "AmazonEC2ContainerServiceEventsRole": "arn:aws:iam::aws:policy/service-role/AmazonEC2ContainerServiceEventsRole",
  "AWSAccountActivityAccess": "arn:aws:iam::aws:policy/AWSAccountActivityAccess",
  "AmazonGlacierReadOnlyAccess": "arn:aws:iam::aws:policy/AmazonGlacierReadOnlyAccess",
  "AWSCloudHSMFullAccess": "arn:aws:iam::aws:policy/AWSCloudHSMFullAccess",
  "AWSMigrationHubDMSAccess": "arn:aws:iam::aws:policy/service-role/AWSMigrationHubDMSAccess",
  "AWSAppSyncInvokeFullAccess": "arn:aws:iam::aws:policy/AWSAppSyncInvokeFullAccess",
  "RDSCloudHsmAuthorizationRole": "arn:aws:iam::aws:policy/service-role/RDSCloudHsmAuthorizationRole",
  "AmazonTranscribeFullAccess": "arn:aws:iam::aws:policy/AmazonTranscribeFullAccess",
  "AmazonChimeFullAccess": "arn:aws:iam::aws:policy/AmazonChimeFullAccess",
  "AmazonKinesisReadOnlyAccess": "arn:aws:iam::aws:policy/AmazonKinesisReadOnlyAccess",
  "AmazonKinesisVideoStreamsFullAccess": "arn:aws:iam::aws:policy/AmazonKinesisVideoStreamsFullAccess",
  "AWSEC2SpotServiceRolePolicy": "arn:aws:iam::aws:policy/aws-service-role/AWSEC2SpotServiceRolePolicy",
  "AWSResourceGroupsReadOnlyAccess": "arn:aws:iam::aws:policy/AWSResourceGroupsReadOnlyAccess",
  "AWSLambdaBasicExecutionRole": "arn:aws:iam::aws:policy/service-role/AWSLambdaBasicExecutionRole",
  "AWSCloudTrailReadOnlyAccess": "arn:aws:iam::aws:policy/AWSCloudTrailReadOnlyAccess",
  "AWSXrayReadOnlyAccess": "arn:aws:iam::aws:policy/AWSXrayReadOnlyAccess",
  "AWSPriceListServiceFullAccess": "arn:aws:iam::aws:policy/AWSPriceListServiceFullAccess",
  "AmazonRedshiftServiceLinkedRolePolicy": "arn:aws:iam::aws:policy/aws-service-role/AmazonRedshiftServiceLinkedRolePolicy",
  "AWSOpsWorksFullAccess": "arn:aws:iam::aws:policy/AWSOpsWorksFullAccess",
  "AmazonElasticTranscoderFullAccess": "arn:aws:iam::aws:policy/AmazonElasticTranscoderFullAccess",
  "AWSElasticBeanstalkWorkerTier": "arn:aws:iam::aws:policy/AWSElasticBeanstalkWorkerTier",
  "AWSLambdaReadOnlyAccess": "arn:aws:iam::aws:policy/AWSLambdaReadOnlyAccess",
  "AmazonSNSFullAccess": "arn:aws:iam::aws:policy/AmazonSNSFullAccess",
  "AlexaForBusinessFullAccess": "arn:aws:iam::aws:policy/AlexaForBusinessFullAccess",
  "SimpleWorkflowFullAccess": "arn:aws:iam::aws:policy/SimpleWorkflowFullAccess",
  "ResourceGroupsandTagEditorReadOnlyAccess": "arn:aws:iam::aws:policy/ResourceGroupsandTagEditorReadOnlyAccess",
  "AmazonKinesisFirehoseFullAccess": "arn:aws:iam::aws:policy/AmazonKinesisFirehoseFullAccess",
  "AmazonMacieFullAccess": "arn:aws:iam::aws:policy/AmazonMacieFullAccess",
  "AmazonEC2SpotFleetRole": "arn:aws:iam::aws:policy/service-role/AmazonEC2SpotFleetRole",
  "AmazonPollyReadOnlyAccess": "arn:aws:iam::aws:policy/AmazonPollyReadOnlyAccess",
  "AWSElementalMediaPackageReadOnly": "arn:aws:iam::aws:policy/AWSElementalMediaPackageReadOnly",
  "AmazonMechanicalTurkCrowdFullAccess": "arn:aws:iam::aws:policy/AmazonMechanicalTurkCrowdFullAccess"
}
