[
  {
    "op": "add",
    "path": "/ValueTypes/Ec2InstanceType/AllowedValues",
    "value": [
      "c1.medium",
      "c1.xlarge",
      "c3.2xlarge",
      "c3.4xlarge",
      "c3.8xlarge",
      "c3.large",
      "c3.xlarge",
      "c4.2xlarge",
      "c4.4xlarge",
      "c4.8xlarge",
      "c4.large",
      "c4.xlarge",
      "c5.18xlarge",
      "c5.2xlarge",
      "c5.4xlarge",
      "c5.9xlarge",
      "c5.large",
      "c5.xlarge",
      "d2.2xlarge",
      "d2.4xlarge",
      "d2.8xlarge",
      "d2.xlarge",
      "g2.2xlarge",
      "g2.8xlarge",
      "i2.2xlarge",
      "i2.4xlarge",
      "i2.8xlarge",
      "i2.xlarge",
      "i3.16xlarge",
      "i3.2xlarge",
      "i3.4xlarge",
      "i3.8xlarge",
      "i3.large",
      "i3.xlarge",
      "m1.large",
      "m1.medium",
      "m1.small",
      "m1.xlarge",
      "m2.2xlarge",
      "m2.4xlarge",
      "m2.xlarge",
      "m3.2xlarge",
      "m3.large",
      "m3.medium",
      "m3.xlarge",
      "m4.10xlarge",
      "m4.16xlarge",
      "m4.2xlarge",
      "m4.4xlarge",
      "m4.large",
      "m4.xlarge",
      "m5.12xlarge",
      "m5.24xlarge",
      "m5.2xlarge",
      "m5.4xlarge",
      "m5.large",
      "m5.xlarge",
      "r3.2xlarge",
      "r3.4xlarge",
      "r3.8xlarge",
      "r3.large",
      "r3.xlarge",
      "r4.16xlarge",
      "r4.2xlarge",
      "r4.4xlarge",
      "r4.8xlarge",
      "r4.large",
      "r4.xlarge",
      "t1.micro",
      "t2.2xlarge",
      "t2.large",
      "t2.medium",
      "t2.micro",
      "t2.nano",
      "t2.small",
      "t2.xlarge",
      "t3.2xlarge",
      "t3.large",
      "t3.medium",
      "t3.micro",
      "t3.nano",
      "t3.small",
      "t3.xlarge",
      "x1.16xlarge",
      "x1.32xlarge"
    ]
  },
  {
    "op": "add",
    "path": "/ValueTypes/RdsInstanceType/AllowedValues",
    "value": [
      "db.m1.large",
      "db.m1.medium",
      "db.m1.small",
      "db.m1.xlarge",
      "db.m2.2xlarge",
      "db.m2.4xlarge",
      "db.m2.xlarge",
      "db.m3.2xlarge",
      "db.m3.large",
      "db.m3.medium",
      "db.m3.xlarge",
      "db.m4.10xlarge",
      "db.m4.16xlarge",
      "db.m4.2xlarge",
      "db.m4.4xlarge",
      "db.m4.large",
      "db.m4.xlarge",
      "db.m5.12xlarge",
      "db.m5.24xlarge",
      "db.m5.2xlarge",
      "db.m5.4xlarge",
      "db.m5.large",
      "db.m5.xlarge",
      "db.r3.4xlarge",
      "db.r3.8xlarge",
      "db.r4.16xlarge",
      "db.r4.2xlarge",
      "db.r4.4xlarge",
      "db.r4.8xlarge",
      "db.r4.large",
      "db.r4.xlarge",
      "db.t1.micro",
      "db.t2.2xlarge",
      "db.t2.large",
      "db.t2.medium",
      "db.t2.micro",
      "db.t2.small",
      "db.t2.xlarge",
      "db.t3.2xlarge",
      "db.t3.large",
      "db.t3.medium",
      "db.t3.micro",
      "db.t3.small",
      "db.t3.xlarge",
      "db.x1.16xlarge",
      "db.x1.32xlarge"
    ]
  },
  {
    "op": "add",
    "path": "/ValueTypes/RedshiftInstanceType/AllowedValues",
    "value": [
      "dc1.8xlarge",
      "dc1.large",
      "dc2.8xlarge",
      "dc2.large",
      "ds2.8xlarge",
      "ds2.xlarge"
    ]
  },
  {
    "op": "add",
    "path": "/ValueTypes/DAXInstanceType/AllowedValues",
    "value": [
      "dax.r3.2xlarge",
      "dax.r3.4xlarge",
      "dax.r3.8xlarge",
      "dax.r3.large",
      "dax.r3.xlarge",
      "dax.r4.16xlarge",
      "dax.r4.2xlarge",
      "dax.r4.4xlarge",
      "dax.r4.8xlarge",
      "dax.r4.large",
      "dax.r4.xlarge",
      "dax.t2.medium",
      "dax.t2.small"
    ]
  }
]