[
  {
    "op": "add",
    "path": "/ValueTypes/Ec2InstanceType/AllowedValues",
    "value": [
      "c5.18xlarge",
      "c5.2xlarge",
      "c5.4xlarge",
      "c5.9xlarge",
      "c5.large",
      "c5.xlarge",
      "c5d.18xlarge",
      "c5d.2xlarge",
      "c5d.4xlarge",
      "c5d.9xlarge",
      "c5d.large",
      "c5d.xlarge",
      "i3.16xlarge",
      "i3.2xlarge",
      "i3.4xlarge",
      "i3.8xlarge",
      "i3.large",
      "i3.xlarge",
      "m5.12xlarge",
      "m5.24xlarge",
      "m5.2xlarge",
      "m5.4xlarge",
      "m5.large",
      "m5.metal",
      "m5.xlarge",
      "m5d.12xlarge",
      "m5d.24xlarge",
      "m5d.2xlarge",
      "m5d.4xlarge",
      "m5d.large",
      "m5d.metal",
      "m5d.xlarge",
      "r5.12xlarge",
      "r5.24xlarge",
      "r5.2xlarge",
      "r5.4xlarge",
      "r5.large",
      "r5.xlarge",
      "r5d.12xlarge",
      "r5d.24xlarge",
      "r5d.2xlarge",
      "r5d.4xlarge",
      "r5d.large",
      "r5d.xlarge",
      "t3.2xlarge",
      "t3.large",
      "t3.medium",
      "t3.micro",
      "t3.nano",
      "t3.small",
      "t3.xlarge"
    ]
  },
  {
    "op": "add",
    "path": "/ValueTypes/RdsInstanceType/AllowedValues",
    "value": [
      "db.m5.12xlarge",
      "db.m5.24xlarge",
      "db.m5.2xlarge",
      "db.m5.4xlarge",
      "db.m5.large",
      "db.m5.xlarge",
      "db.r4.16xlarge",
      "db.r4.2xlarge",
      "db.r4.4xlarge",
      "db.r4.8xlarge",
      "db.r4.large",
      "db.r4.xlarge",
      "db.t2.2xlarge",
      "db.t2.large",
      "db.t2.medium",
      "db.t2.micro",
      "db.t2.small",
      "db.t2.xlarge"
    ]
  },
  {
    "op": "add",
    "path": "/ValueTypes/RedshiftInstanceType/AllowedValues",
    "value": [
      "dc2.8xlarge",
      "dc2.large",
      "ds2.8xlarge",
      "ds2.xlarge"
    ]
  }
]