[
  {
    "op": "add",
    "path": "/ResourceTypes/AWS::Greengrass::ResourceDefinition",
    "value": {
      "Attributes": {
        "Arn": {
          "PrimitiveType": "String"
        },
        "Id": {
          "PrimitiveType": "String"
        },
        "LatestVersionArn": {
          "PrimitiveType": "String"
        },
        "Name": {
          "PrimitiveType": "String"
        }
      },
      "Documentation": "http://docs.aws.amazon.com/AWSCloudFormation/latest/UserGuide/aws-resource-greengrass-resourcedefinition.html",
      "Properties": {
        "InitialVersion": {
          "Documentation": "http://docs.aws.amazon.com/AWSCloudFormation/latest/UserGuide/aws-resource-greengrass-resourcedefinition.html#cfn-greengrass-resourcedefinition-initialversion",
          "Required": false,
          "Type": "ResourceDefinitionVersion",
          "UpdateType": "Immutable"
        },
        "Name": {
          "Documentation": "http://docs.aws.amazon.com/AWSCloudFormation/latest/UserGuide/aws-resource-greengrass-resourcedefinition.html#cfn-greengrass-resourcedefinition-name",
          "PrimitiveType": "String",
          "Required": true,
          "UpdateType": "Mutable"
        }
      }
    }
  },
  {
    "op": "add",
    "path": "/PropertyTypes/AWS::Greengrass::ResourceDefinition.GroupOwnerSetting",
    "value": {
      "Documentation": "http://docs.aws.amazon.com/AWSCloudFormation/latest/UserGuide/aws-properties-greengrass-resourcedefinition-groupownersetting.html",
      "Properties": {
        "AutoAddGroupOwner": {
          "Documentation": "http://docs.aws.amazon.com/AWSCloudFormation/latest/UserGuide/aws-properties-greengrass-resourcedefinition-groupownersetting.html#cfn-greengrass-resourcedefinition-groupownersetting-autoaddgroupowner",
          "PrimitiveType": "Boolean",
          "Required": true,
          "UpdateType": "Immutable"
        },
        "GroupOwner": {
          "Documentation": "http://docs.aws.amazon.com/AWSCloudFormation/latest/UserGuide/aws-properties-greengrass-resourcedefinition-groupownersetting.html#cfn-greengrass-resourcedefinition-groupownersetting-groupowner",
          "PrimitiveType": "String",
          "Required": false,
          "UpdateType": "Immutable"
        }
      }
    }
  },
  {
    "op": "add",
    "path": "/PropertyTypes/AWS::Greengrass::ResourceDefinition.LocalDeviceResourceData",
    "value": {
      "Documentation": "http://docs.aws.amazon.com/AWSCloudFormation/latest/UserGuide/aws-properties-greengrass-resourcedefinition-localdeviceresourcedata.html",
      "Properties": {
        "GroupOwnerSetting": {
          "Documentation": "http://docs.aws.amazon.com/AWSCloudFormation/latest/UserGuide/aws-properties-greengrass-resourcedefinition-localdeviceresourcedata.html#cfn-greengrass-resourcedefinition-localdeviceresourcedata-groupownersetting",
          "Required": false,
          "Type": "GroupOwnerSetting",
          "UpdateType": "Immutable"
        },
        "SourcePath": {
          "Documentation": "http://docs.aws.amazon.com/AWSCloudFormation/latest/UserGuide/aws-properties-greengrass-resourcedefinition-localdeviceresourcedata.html#cfn-greengrass-resourcedefinition-localdeviceresourcedata-sourcepath",
          "PrimitiveType": "String",
          "Required": true,
          "UpdateType": "Immutable"
        }
      }
    }
  },
  {
    "op": "add",
    "path": "/PropertyTypes/AWS::Greengrass::ResourceDefinition.LocalVolumeResourceData",
    "value": {
      "Documentation": "http://docs.aws.amazon.com/AWSCloudFormation/latest/UserGuide/aws-properties-greengrass-resourcedefinition-localvolumeresourcedata.html",
      "Properties": {
        "DestinationPath": {
          "Documentation": "http://docs.aws.amazon.com/AWSCloudFormation/latest/UserGuide/aws-properties-greengrass-resourcedefinition-localvolumeresourcedata.html#cfn-greengrass-resourcedefinition-localvolumeresourcedata-destinationpath",
          "PrimitiveType": "String",
          "Required": true,
          "UpdateType": "Immutable"
        },
        "GroupOwnerSetting": {
          "Documentation": "http://docs.aws.amazon.com/AWSCloudFormation/latest/UserGuide/aws-properties-greengrass-resourcedefinition-localvolumeresourcedata.html#cfn-greengrass-resourcedefinition-localvolumeresourcedata-groupownersetting",
          "Required": false,
          "Type": "GroupOwnerSetting",
          "UpdateType": "Immutable"
        },
        "SourcePath": {
          "Documentation": "http://docs.aws.amazon.com/AWSCloudFormation/latest/UserGuide/aws-properties-greengrass-resourcedefinition-localvolumeresourcedata.html#cfn-greengrass-resourcedefinition-localvolumeresourcedata-sourcepath",
          "PrimitiveType": "String",
          "Required": true,
          "UpdateType": "Immutable"
        }
      }
    }
  },
  {
    "op": "add",
    "path": "/PropertyTypes/AWS::Greengrass::ResourceDefinition.ResourceDataContainer",
    "value": {
      "Documentation": "http://docs.aws.amazon.com/AWSCloudFormation/latest/UserGuide/aws-properties-greengrass-resourcedefinition-resourcedatacontainer.html",
      "Properties": {
        "LocalDeviceResourceData": {
          "Documentation": "http://docs.aws.amazon.com/AWSCloudFormation/latest/UserGuide/aws-properties-greengrass-resourcedefinition-resourcedatacontainer.html#cfn-greengrass-resourcedefinition-resourcedatacontainer-localdeviceresourcedata",
          "Required": false,
          "Type": "LocalDeviceResourceData",
          "UpdateType": "Immutable"
        },
        "LocalVolumeResourceData": {
          "Documentation": "http://docs.aws.amazon.com/AWSCloudFormation/latest/UserGuide/aws-properties-greengrass-resourcedefinition-resourcedatacontainer.html#cfn-greengrass-resourcedefinition-resourcedatacontainer-localvolumeresourcedata",
          "Required": false,
          "Type": "LocalVolumeResourceData",
          "UpdateType": "Immutable"
        },
        "S3MachineLearningModelResourceData": {
          "Documentation": "http://docs.aws.amazon.com/AWSCloudFormation/latest/UserGuide/aws-properties-greengrass-resourcedefinition-resourcedatacontainer.html#cfn-greengrass-resourcedefinition-resourcedatacontainer-s3machinelearningmodelresourcedata",
          "Required": false,
          "Type": "S3MachineLearningModelResourceData",
          "UpdateType": "Immutable"
        },
        "SageMakerMachineLearningModelResourceData": {
          "Documentation": "http://docs.aws.amazon.com/AWSCloudFormation/latest/UserGuide/aws-properties-greengrass-resourcedefinition-resourcedatacontainer.html#cfn-greengrass-resourcedefinition-resourcedatacontainer-sagemakermachinelearningmodelresourcedata",
          "Required": false,
          "Type": "SageMakerMachineLearningModelResourceData",
          "UpdateType": "Immutable"
        },
        "SecretsManagerSecretResourceData": {
          "Documentation": "http://docs.aws.amazon.com/AWSCloudFormation/latest/UserGuide/aws-properties-greengrass-resourcedefinition-resourcedatacontainer.html#cfn-greengrass-resourcedefinition-resourcedatacontainer-secretsmanagersecretresourcedata",
          "Required": false,
          "Type": "SecretsManagerSecretResourceData",
          "UpdateType": "Immutable"
        }
      }
    }
  },
  {
    "op": "add",
    "path": "/PropertyTypes/AWS::Greengrass::ResourceDefinition.ResourceDefinitionVersion",
    "value": {
      "Documentation": "http://docs.aws.amazon.com/AWSCloudFormation/latest/UserGuide/aws-properties-greengrass-resourcedefinition-resourcedefinitionversion.html",
      "Properties": {
        "Resources": {
          "Documentation": "http://docs.aws.amazon.com/AWSCloudFormation/latest/UserGuide/aws-properties-greengrass-resourcedefinition-resourcedefinitionversion.html#cfn-greengrass-resourcedefinition-resourcedefinitionversion-resources",
          "ItemType": "ResourceInstance",
          "Required": true,
          "Type": "List",
          "UpdateType": "Immutable"
        }
      }
    }
  },
  {
    "op": "add",
    "path": "/PropertyTypes/AWS::Greengrass::ResourceDefinition.ResourceInstance",
    "value": {
      "Documentation": "http://docs.aws.amazon.com/AWSCloudFormation/latest/UserGuide/aws-properties-greengrass-resourcedefinition-resourceinstance.html",
      "Properties": {
        "Id": {
          "Documentation": "http://docs.aws.amazon.com/AWSCloudFormation/latest/UserGuide/aws-properties-greengrass-resourcedefinition-resourceinstance.html#cfn-greengrass-resourcedefinition-resourceinstance-id",
          "PrimitiveType": "String",
          "Required": true,
          "UpdateType": "Immutable"
        },
        "Name": {
          "Documentation": "http://docs.aws.amazon.com/AWSCloudFormation/latest/UserGuide/aws-properties-greengrass-resourcedefinition-resourceinstance.html#cfn-greengrass-resourcedefinition-resourceinstance-name",
          "PrimitiveType": "String",
          "Required": true,
          "UpdateType": "Immutable"
        },
        "ResourceDataContainer": {
          "Documentation": "http://docs.aws.amazon.com/AWSCloudFormation/latest/UserGuide/aws-properties-greengrass-resourcedefinition-resourceinstance.html#cfn-greengrass-resourcedefinition-resourceinstance-resourcedatacontainer",
          "Required": true,
          "Type": "ResourceDataContainer",
          "UpdateType": "Immutable"
        }
      }
    }
  },
  {
    "op": "add",
    "path": "/PropertyTypes/AWS::Greengrass::ResourceDefinition.S3MachineLearningModelResourceData",
    "value": {
      "Documentation": "http://docs.aws.amazon.com/AWSCloudFormation/latest/UserGuide/aws-properties-greengrass-resourcedefinition-s3machinelearningmodelresourcedata.html",
      "Properties": {
        "DestinationPath": {
          "Documentation": "http://docs.aws.amazon.com/AWSCloudFormation/latest/UserGuide/aws-properties-greengrass-resourcedefinition-s3machinelearningmodelresourcedata.html#cfn-greengrass-resourcedefinition-s3machinelearningmodelresourcedata-destinationpath",
          "PrimitiveType": "String",
          "Required": true,
          "UpdateType": "Immutable"
        },
        "S3Uri": {
          "Documentation": "http://docs.aws.amazon.com/AWSCloudFormation/latest/UserGuide/aws-properties-greengrass-resourcedefinition-s3machinelearningmodelresourcedata.html#cfn-greengrass-resourcedefinition-s3machinelearningmodelresourcedata-s3uri",
          "PrimitiveType": "String",
          "Required": true,
          "UpdateType": "Immutable"
        }
      }
    }
  },
  {
    "op": "add",
    "path": "/PropertyTypes/AWS::Greengrass::ResourceDefinition.SageMakerMachineLearningModelResourceData",
    "value": {
      "Documentation": "http://docs.aws.amazon.com/AWSCloudFormation/latest/UserGuide/aws-properties-greengrass-resourcedefinition-sagemakermachinelearningmodelresourcedata.html",
      "Properties": {
        "DestinationPath": {
          "Documentation": "http://docs.aws.amazon.com/AWSCloudFormation/latest/UserGuide/aws-properties-greengrass-resourcedefinition-sagemakermachinelearningmodelresourcedata.html#cfn-greengrass-resourcedefinition-sagemakermachinelearningmodelresourcedata-destinationpath",
          "PrimitiveType": "String",
          "Required": true,
          "UpdateType": "Immutable"
        },
        "SageMakerJobArn": {
          "Documentation": "http://docs.aws.amazon.com/AWSCloudFormation/latest/UserGuide/aws-properties-greengrass-resourcedefinition-sagemakermachinelearningmodelresourcedata.html#cfn-greengrass-resourcedefinition-sagemakermachinelearningmodelresourcedata-sagemakerjobarn",
          "PrimitiveType": "String",
          "Required": true,
          "UpdateType": "Immutable"
        }
      }
    }
  },
  {
    "op": "add",
    "path": "/PropertyTypes/AWS::Greengrass::ResourceDefinition.SecretsManagerSecretResourceData",
    "value": {
      "Documentation": "http://docs.aws.amazon.com/AWSCloudFormation/latest/UserGuide/aws-properties-greengrass-resourcedefinition-secretsmanagersecretresourcedata.html",
      "Properties": {
        "ARN": {
          "Documentation": "http://docs.aws.amazon.com/AWSCloudFormation/latest/UserGuide/aws-properties-greengrass-resourcedefinition-secretsmanagersecretresourcedata.html#cfn-greengrass-resourcedefinition-secretsmanagersecretresourcedata-arn",
          "PrimitiveType": "String",
          "Required": true,
          "UpdateType": "Immutable"
        },
        "AdditionalStagingLabelsToDownload": {
          "Documentation": "http://docs.aws.amazon.com/AWSCloudFormation/latest/UserGuide/aws-properties-greengrass-resourcedefinition-secretsmanagersecretresourcedata.html#cfn-greengrass-resourcedefinition-secretsmanagersecretresourcedata-additionalstaginglabelstodownload",
          "PrimitiveItemType": "String",
          "Required": false,
          "Type": "List",
          "UpdateType": "Immutable"
        }
      }
    }
  }
]
